"district","rooms","price_€","area_sq_m","distance_to_sea_m","avg_pr_per_dist_rooms","price_deviation"
Alanya(Center),"4+1",157500.0,220.0,600.0,585346.15,-427846.15
Alanya(Center),"5+1",255000.0,280.0,1000.0,677500.0,-422500.0
Alanya(Center),"4+1",215500.0,220.0,600.0,585346.15,-369846.15
Kargıcak,"4+1",226000.0,250.0,800.0,562250.0,-336250.0
Kargıcak,"4+1",247000.0,220.0,1500.0,562250.0,-315250.0
Kargıcak,"4+1",258500.0,286.0,2000.0,562250.0,-303750.0
Kargıcak,"4+1",264000.0,260.0,400.0,562250.0,-298250.0
Kargıcak,"4+2",600000.0,250.0,1600.0,895000.0,-295000.0
Alanya(Center),"4+1",330000.0,230.0,800.0,585346.15,-255346.15000000002
Tosmur,"3+1",110500.0,165.0,150.0,365000.0,-254500.0
Kargıcak,"3+1",102000.0,110.0,600.0,353267.86,-251267.86
Alanya(Center),"3+1",142000.0,120.0,2000.0,377776.32,-235776.32
Kargıcak,"3+1",126000.0,130.0,2000.0,353267.86,-227267.86
Alanya(Center),"4+1",365000.0,163.0,200.0,585346.15,-220346.15000000002
Alanya(Center),"4+1",367500.0,165.0,450.0,585346.15,-217846.15000000002
Tosmur,"3+1",152000.0,180.0,400.0,365000.0,-213000.0
Mahmutlar,"3+2",155500.0,185.0,200.0,356333.33,-200833.33000000002
Kargıcak,"4+1",367500.0,225.0,500.0,562250.0,-194750.0
Alanya(Center),"3+1",194500.0,140.0,700.0,377776.32,-183276.32
Mahmutlar,"3+1",86000.0,120.0,350.0,266088.24,-180088.24
Kestel,"4+1",199500.0,200.0,100.0,378850.0,-179350.0
Kargıcak,"3+1",176500.0,150.0,2000.0,353267.86,-176767.86
Konaklı,"3+1",163000.0,120.0,450.0,339600.0,-176600.0
Kestel,"4+1",205000.0,280.0,250.0,378850.0,-173850.0
Tosmur,"3+1",194500.0,165.0,600.0,365000.0,-170500.0
Alanya(Center),"4+1",415000.0,200.0,770.0,585346.15,-170346.15000000002
Kestel,"4+1",210500.0,200.0,200.0,378850.0,-168350.0
Alanya(Center),"3+1",210000.0,180.0,4500.0,377776.32,-167776.32
Mahmutlar,"3+1",99000.0,125.0,400.0,266088.24,-167088.24
Cikcilli,"3+1",152500.0,160.0,900.0,313875.0,-161375.0
Konaklı,"3+1",178500.0,160.0,600.0,339600.0,-161100.0
Kestel,"4+1",220500.0,200.0,200.0,378850.0,-158350.0
Alanya(Center),"3+1",220500.0,100.0,100.0,377776.32,-157276.32
Kargıcak,"3+1",199000.0,214.0,1700.0,353267.86,-154267.86
Alanya(Center),"3+1",226000.0,110.0,150.0,377776.32,-151776.32
Oba,"3+1",130000.0,130.0,450.0,277600.0,-147600.0
Oba,"4+1",148000.0,200.0,400.0,293527.78,-145527.78000000003
Tosmur,"3+1",220500.0,180.0,50.0,365000.0,-144500.0
Oba,"4+1",156500.0,180.0,200.0,293527.78,-137027.78000000003
Oba,"4+1",157500.0,190.0,250.0,293527.78,-136027.78000000003
Alanya(Center),"3+1",242000.0,135.0,375.0,377776.32,-135776.32
Mahmutlar,"3+1",132000.0,130.0,1500.0,266088.24,-134088.24
Gazipaşa,"3+1",153500.0,110.0,500.0,287000.0,-133500.0
Gazipaşa,"3+1",154000.0,175.0,2000.0,287000.0,-133000.0
Mahmutlar,"3+1",135000.0,115.0,350.0,266088.24,-131088.24
Türkler,"2+1",115500.0,90.0,300.0,246250.0,-130750.0
Oba,"4+1",163500.0,175.0,2000.0,293527.78,-130027.78000000003
Mahmutlar,"3+1",136500.0,145.0,250.0,266088.24,-129588.23999999999
Mahmutlar,"3+1",136500.0,120.0,1000.0,266088.24,-129588.23999999999
Avsallar,"3+1",136500.0,110.0,2000.0,264750.0,-128250.0
Alanya(Center),"3+1",252000.0,240.0,1000.0,377776.32,-125776.32
Alanya(Center),"3+1",252000.0,190.0,750.0,377776.32,-125776.32
Alanya(Center),"3+1",252000.0,165.0,5000.0,377776.32,-125776.32
Kargıcak,"2+1",115500.0,100.0,300.0,238600.0,-123100.0
Mahmutlar,"3+1",145000.0,140.0,1500.0,266088.24,-121088.23999999999
Alanya(Center),"3+1",257500.0,160.0,3500.0,377776.32,-120276.32
Cikcilli,"3+1",194500.0,220.0,1500.0,313875.0,-119375.0
Cikcilli,"2+1",79000.0,110.0,1300.0,195942.31,-116942.31
Alanya(Center),"3+1",262500.0,140.0,500.0,377776.32,-115276.32
Kestel,"4+1",264000.0,200.0,200.0,378850.0,-114850.0
Oba,"3+1",163000.0,145.0,1500.0,277600.0,-114600.0
Mahmutlar,"3+1",152500.0,135.0,450.0,266088.24,-113588.23999999999
Mahmutlar,"3+1",155500.0,190.0,3000.0,266088.24,-110588.23999999999
Oba,"3+1",167500.0,175.0,900.0,277600.0,-110100.0
Oba,"3+1",168000.0,145.0,3000.0,277600.0,-109600.0
Avsallar,"3+1",157500.0,197.0,800.0,264750.0,-107250.0
Kargıcak,"2+1",131500.0,110.0,200.0,238600.0,-107100.0
Mahmutlar,"4+1",184000.0,160.0,350.0,289800.0,-105800.0
Mahmutlar,"4+1",184000.0,180.0,300.0,289800.0,-105800.0
Oba,"4+1",189000.0,220.0,1000.0,293527.78,-104527.78000000003
Alanya(Center),"3+1",275000.0,165.0,1200.0,377776.32,-102776.32
Kargıcak,"2+1",136500.0,125.0,4000.0,238600.0,-102100.0
Alanya(Center),"2+1",102000.0,110.0,400.0,203551.52,-101551.51999999999
Kestel,"4+1",278500.0,220.0,400.0,378850.0,-100350.0
Kestel,"2+1",110500.0,100.0,300.0,210711.54,-100211.54000000001
Alanya(Center),"3+1",278000.0,170.0,4000.0,377776.32,-99776.32
Oba,"3+1",178500.0,140.0,1100.0,277600.0,-99100.0
Oba,"4+1",194500.0,200.0,1200.0,293527.78,-99027.78000000003
Konaklı,"3+1",241500.0,220.0,400.0,339600.0,-98100.0
Mahmutlar,"3+1",168000.0,150.0,500.0,266088.24,-98088.23999999999
Mahmutlar,"3+1",168000.0,137.0,1500.0,266088.24,-98088.23999999999
Türkler,"1+1",60000.0,58.0,2300.0,157666.67,-97666.67000000001
Alanya(Center),"4+1",488500.0,200.0,2500.0,585346.15,-96846.15000000002
Kargıcak,"3+1",257500.0,275.0,700.0,353267.86,-95767.85999999999
Kargıcak,"2+1",143000.0,105.0,1700.0,238600.0,-95600.0
Alanya(Center),"3+1",283500.0,145.0,400.0,377776.32,-94276.32
Oba,"3+2",210000.0,220.0,1500.0,304166.67,-94166.66999999998
Mahmutlar,"3+2",262500.0,250.0,50.0,356333.33,-93833.33000000002
Oba,"4+1",200000.0,165.0,1300.0,293527.78,-93527.78000000003
Alanya(Center),"2+1",110500.0,120.0,300.0,203551.52,-93051.51999999999
Oba,"2+1",93500.0,120.0,200.0,186147.54,-92647.54000000001
Mahmutlar,"3+1",173500.0,165.0,150.0,266088.24,-92588.23999999999
Mahmutlar,"3+1",173500.0,186.0,350.0,266088.24,-92588.23999999999
Gazipaşa,"3+1",195000.0,147.0,1300.0,287000.0,-92000.0
Mahmutlar,"4+1",198000.0,220.0,100.0,289800.0,-91800.0
Mahmutlar,"4+1",198500.0,244.0,250.0,289800.0,-91300.0
Cikcilli,"2+1",105000.0,105.0,1200.0,195942.31,-90942.31
Kargıcak,"3+1",262500.0,220.0,4000.0,353267.86,-90767.85999999999
Kargıcak,"3+1",262500.0,210.0,4000.0,353267.86,-90767.85999999999
Tosmur,"3+1",275000.0,160.0,800.0,365000.0,-90000.0
Kargıcak,"2+1",149000.0,89.0,400.0,238600.0,-89600.0
Kargıcak,"3+1",264000.0,270.0,800.0,353267.86,-89267.85999999999
Mahmutlar,"2+1",75000.0,100.0,250.0,164145.71,-89145.70999999999
Oba,"3+1",189000.0,120.0,2500.0,277600.0,-88600.0
Kargıcak,"3+1",265000.0,220.0,1500.0,353267.86,-88267.85999999999
Alanya(Center),"2+1",115500.0,120.0,700.0,203551.52,-88051.51999999999
Alanya(Center),"1+1",80500.0,40.0,625.0,168298.97,-87798.97
Alanya(Center),"3+1",290000.0,122.0,1500.0,377776.32,-87776.32
Alanya(Center),"3+1",290000.0,150.0,800.0,377776.32,-87776.32
Oba,"3+1",190000.0,180.0,200.0,277600.0,-87600.0
Oba,"2+1",100000.0,100.0,400.0,186147.54,-86147.54000000001
Alanya(Center),"1+1",82500.0,50.0,550.0,168298.97,-85798.97
Cikcilli,"2+1",110500.0,110.0,1200.0,195942.31,-85442.31
Konaklı,"2+1",102000.0,105.0,280.0,187250.0,-85250.0
Mahmutlar,"4+1",205000.0,255.0,350.0,289800.0,-84800.0
Mahmutlar,"3+1",181500.0,130.0,300.0,266088.24,-84588.23999999999
Kargıcak,"1+1",64500.0,45.0,2500.0,149085.94,-84585.94
Tosmur,"1+1",86000.0,60.0,800.0,170152.75,-84152.75
Oba,"2+1",102000.0,85.0,2500.0,186147.54,-84147.54000000001
Oba,"4+1",210000.0,220.0,1200.0,293527.78,-83527.78000000003
Oba,"4+1",210000.0,210.0,2500.0,293527.78,-83527.78000000003
Oba,"3+1",194500.0,170.0,300.0,277600.0,-83100.0
Alanya(Center),"2+1",121000.0,100.0,800.0,203551.52,-82551.51999999999
Alanya(Center),"2+1",121000.0,110.0,1200.0,203551.52,-82551.51999999999
Alanya(Center),"2+1",121000.0,85.0,400.0,203551.52,-82551.51999999999
Alanya(Center),"1+1",86000.0,48.0,300.0,168298.97,-82298.97
Oba,"2+1",104500.0,115.0,500.0,186147.54,-81647.54000000001
Türkler,"2+1",165000.0,90.0,600.0,246250.0,-81250.0
Oba,"2+1",105000.0,100.0,3500.0,186147.54,-81147.54000000001
Oba,"2+1",105000.0,85.0,2000.0,186147.54,-81147.54000000001
Oba,"2+1",105000.0,95.0,2800.0,186147.54,-81147.54000000001
Oba,"2+1",105000.0,105.0,1200.0,186147.54,-81147.54000000001
Kestel,"3+1",140000.0,140.0,2000.0,221000.0,-81000.0
Cikcilli,"2+1",115500.0,100.0,1200.0,195942.31,-80442.31
Mahmutlar,"4+1",210000.0,198.0,800.0,289800.0,-79800.0
Alanya(Center),"1+1",89000.0,50.0,600.0,168298.97,-79298.97
Kestel,"2+1",131500.0,110.0,400.0,210711.54,-79211.54000000001
Kargıcak,"1+1",70000.0,55.0,300.0,149085.94,-79085.94
Alanya(Center),"1+1",89500.0,50.0,700.0,168298.97,-78798.97
Alanya(Center),"3+1",299500.0,185.0,900.0,377776.32,-78276.32
Mahmutlar,"2+1",86000.0,110.0,900.0,164145.71,-78145.70999999999
Oba,"3+1",199500.0,120.0,750.0,277600.0,-78100.0
Tosmur,"2+1",88000.0,98.0,600.0,165903.23,-77903.23000000001
Alanya(Center),"3+1",300000.0,110.0,250.0,377776.32,-77776.32
Alanya(Center),"2+1",126000.0,105.0,600.0,203551.52,-77551.51999999999
Alanya(Center),"2+1",126000.0,100.0,700.0,203551.52,-77551.51999999999
Alanya(Center),"1+1",91000.0,55.0,625.0,168298.97,-77298.97
Oba,"2+1",109000.0,110.0,4000.0,186147.54,-77147.54000000001
Mahmutlar,"2+1",87000.0,110.0,1000.0,164145.71,-77145.70999999999
Mahmutlar,"3+1",189000.0,190.0,800.0,266088.24,-77088.23999999999
Mahmutlar,"2+1",87500.0,110.0,500.0,164145.71,-76645.70999999999
Mahmutlar,"2+1",88000.0,125.0,350.0,164145.71,-76145.70999999999
Mahmutlar,"2+1",88000.0,115.0,300.0,164145.71,-76145.70999999999
Cikcilli,"4+1",226000.0,170.0,1200.0,302000.0,-76000.0
Alanya(Center),"1+1",92500.0,50.0,250.0,168298.97,-75798.97
Alanya(Center),"2+1",128000.0,70.0,700.0,203551.52,-75551.51999999999
Mahmutlar,"2+1",89000.0,100.0,1200.0,164145.71,-75145.70999999999
Oba,"2+1",111500.0,105.0,1200.0,186147.54,-74647.54000000001
Kargıcak,"1+1",75000.0,50.0,300.0,149085.94,-74085.94
Oba,"4+1",220000.0,200.0,600.0,293527.78,-73527.78000000003
Oba,"1+1",59000.0,44.0,2000.0,132396.36,-73396.35999999999
Mahmutlar,"2+1",91000.0,110.0,400.0,164145.71,-73145.70999999999
Mahmutlar,"2+1",91000.0,130.0,450.0,164145.71,-73145.70999999999
Mahmutlar,"2+1",91000.0,120.0,100.0,164145.71,-73145.70999999999
Cikcilli,"2+1",123000.0,115.0,1500.0,195942.31,-72942.31
Konaklı,"1+1",80500.0,58.0,300.0,153062.5,-72562.5
Alanya(Center),"2+1",131500.0,100.0,800.0,203551.52,-72051.51999999999
Alanya(Center),"1+1",96500.0,45.0,500.0,168298.97,-71798.97
Alanya(Center),"1+1",96500.0,50.0,2000.0,168298.97,-71798.97
Kargıcak,"1+1",77500.0,50.0,200.0,149085.94,-71585.94
Kestel,"1+1",75000.0,75.0,150.0,145889.58,-70889.57999999999
Mahmutlar,"2+1",93500.0,70.0,1800.0,164145.71,-70645.70999999999
Kargıcak,"3+1",283500.0,200.0,2000.0,353267.86,-69767.85999999999
Kargıcak,"3+1",283500.0,180.0,700.0,353267.86,-69767.85999999999
Oba,"2+1",116500.0,90.0,2000.0,186147.54,-69647.54000000001
Mahmutlar,"2+1",94500.0,125.0,350.0,164145.71,-69645.70999999999
Mahmutlar,"2+1",94500.0,120.0,650.0,164145.71,-69645.70999999999
Alanya(Center),"2+1",134000.0,106.0,800.0,203551.52,-69551.51999999999
Alanya(Center),"1+1",99500.0,55.0,600.0,168298.97,-68798.97
Kestel,"2+1",142000.0,115.0,200.0,210711.54,-68711.54000000001
Türkler,"2+1",178500.0,129.0,300.0,246250.0,-67750.0
Oba,"3+2",236500.0,190.0,300.0,304166.67,-67666.66999999998
Mahmutlar,"2+1",96500.0,90.0,300.0,164145.71,-67645.70999999999
Oba,"3+1",210000.0,137.0,3500.0,277600.0,-67600.0
Oba,"3+1",210000.0,154.0,2500.0,277600.0,-67600.0
Cikcilli,"3+1",247000.0,200.0,1500.0,313875.0,-66875.0
Alanya(Center),"1+1",102000.0,46.0,150.0,168298.97,-66298.97
Alanya(Center),"1+1",102000.0,50.0,100.0,168298.97,-66298.97
Oba,"2+1",120000.0,100.0,4000.0,186147.54,-66147.54000000001
Oba,"2+1",120000.0,102.0,2000.0,186147.54,-66147.54000000001
Oba,"1+1",66500.0,44.0,4000.0,132396.36,-65896.35999999999
Kargıcak,"1+1",83500.0,50.0,150.0,149085.94,-65585.94
Kestel,"1+1",80500.0,56.0,130.0,145889.58,-65389.57999999999
Tosmur,"1+1",105000.0,75.0,600.0,170152.75,-65152.75
Tosmur,"1+1",105000.0,55.0,500.0,170152.75,-65152.75
Cikcilli,"2+1",131500.0,100.0,1000.0,195942.31,-64442.31
Mahmutlar,"2+1",100000.0,85.0,850.0,164145.71,-64145.70999999999
Mahmutlar,"2+1",100000.0,110.0,50.0,164145.71,-64145.70999999999
Mahmutlar,"2+1",100000.0,110.0,350.0,164145.71,-64145.70999999999
Mahmutlar,"2+1",100000.0,75.0,200.0,164145.71,-64145.70999999999
Kargıcak,"1+1",85000.0,50.0,250.0,149085.94,-64085.94
Tosmur,"2+1",102000.0,100.0,600.0,165903.23,-63903.23000000001
Kestel,"2+1",147000.0,110.0,200.0,210711.54,-63711.54000000001
Alanya(Center),"2+1",140000.0,100.0,550.0,203551.52,-63551.51999999999
Alanya(Center),"2+1",140000.0,115.0,600.0,203551.52,-63551.51999999999
Mahmutlar,"2+1",101000.0,120.0,700.0,164145.71,-63145.70999999999
Kargıcak,"1+1",86000.0,50.0,250.0,149085.94,-63085.94
Alanya(Center),"3+1",315000.0,160.0,400.0,377776.32,-62776.32000000001
Oba,"3+1",215000.0,120.0,3000.0,277600.0,-62600.0
Oba,"1+1",69800.0,60.0,3000.0,132396.36,-62596.359999999986
Oba,"1+1",70000.0,50.0,2000.0,132396.36,-62396.359999999986
Mahmutlar,"2+1",102000.0,90.0,400.0,164145.71,-62145.70999999999
Mahmutlar,"2+1",102000.0,110.0,450.0,164145.71,-62145.70999999999
Oba,"3+1",215500.0,220.0,1000.0,277600.0,-62100.0
Oba,"1+1",70500.0,70.0,2800.0,132396.36,-61896.359999999986
Alanya(Center),"2+1",142000.0,107.0,550.0,203551.52,-61551.51999999999
Alanya(Center),"2+1",142000.0,110.0,700.0,203551.52,-61551.51999999999
Alanya(Center),"2+1",142000.0,110.0,900.0,203551.52,-61551.51999999999
Oba,"1+1",71000.0,50.0,4000.0,132396.36,-61396.359999999986
Oba,"2+1",125000.0,69.0,300.0,186147.54,-61147.54000000001
Mahmutlar,"2+1",103000.0,125.0,400.0,164145.71,-61145.70999999999
Mahmutlar,"3+1",205000.0,230.0,350.0,266088.24,-61088.23999999999
Mahmutlar,"3+1",205000.0,147.0,1500.0,266088.24,-61088.23999999999
Kargıcak,"1+1",88000.0,60.0,1700.0,149085.94,-61085.94
Alanya(Center),"1+1",107500.0,55.0,400.0,168298.97,-60798.97
Alanya(Center),"2+1",143000.0,81.0,450.0,203551.52,-60551.51999999999
Oba,"1+1",72000.0,50.0,2000.0,132396.36,-60396.359999999986
Oba,"2+1",126000.0,100.0,400.0,186147.54,-60147.54000000001
Mahmutlar,"2+1",104000.0,95.0,350.0,164145.71,-60145.70999999999
Mahmutlar,"2+1",104000.0,120.0,350.0,164145.71,-60145.70999999999
Kargıcak,"2+1",178500.0,105.0,700.0,238600.0,-60100.0
Kargıcak,"1+1",89000.0,65.0,600.0,149085.94,-60085.94
Kestel,"1+1",86000.0,55.0,627.0,145889.58,-59889.57999999999
Kestel,"1+1",86000.0,65.0,600.0,145889.58,-59889.57999999999
Mahmutlar,"2+1",104500.0,125.0,1400.0,164145.71,-59645.70999999999
Mahmutlar,"1+1",56000.0,51.0,3000.0,115592.19,-59592.19
Kargıcak,"1+1",89500.0,60.0,100.0,149085.94,-59585.94
Konaklı,"2+1",128000.0,140.0,500.0,187250.0,-59250.0
Mahmutlar,"2+1",105000.0,120.0,1000.0,164145.71,-59145.70999999999
Mahmutlar,"2+1",105000.0,130.0,3000.0,164145.71,-59145.70999999999
Mahmutlar,"2+1",105000.0,90.0,550.0,164145.71,-59145.70999999999
Mahmutlar,"2+1",105000.0,120.0,400.0,164145.71,-59145.70999999999
Mahmutlar,"2+1",105000.0,110.0,200.0,164145.71,-59145.70999999999
Mahmutlar,"2+1",105000.0,90.0,1000.0,164145.71,-59145.70999999999
Mahmutlar,"2+1",105000.0,92.0,150.0,164145.71,-59145.70999999999
Mahmutlar,"2+1",105000.0,115.0,1500.0,164145.71,-59145.70999999999
Tosmur,"2+1",107500.0,110.0,200.0,165903.23,-58403.23000000001
Alanya(Center),"1+1",110000.0,58.0,500.0,168298.97,-58298.97
Kestel,"2+1",152500.0,90.0,50.0,210711.54,-58211.54000000001
Oba,"2+1",128000.0,90.0,300.0,186147.54,-58147.54000000001
Kargıcak,"1+1",91000.0,61.0,1100.0,149085.94,-58085.94
Kargıcak,"1+1",91000.0,50.0,60.0,149085.94,-58085.94
Kargıcak,"1+1",91000.0,50.0,2000.0,149085.94,-58085.94
Alanya(Center),"1+1",110500.0,65.0,250.0,168298.97,-57798.97
Alanya(Center),"1+1",110500.0,60.0,625.0,168298.97,-57798.97
Alanya(Center),"1+1",110500.0,43.0,1200.0,168298.97,-57798.97
Alanya(Center),"1+1",110500.0,57.0,650.0,168298.97,-57798.97
Oba,"1+1",75000.0,65.0,250.0,132396.36,-57396.359999999986
Kestel,"1+1",88500.0,60.0,400.0,145889.58,-57389.57999999999
Kestel,"2+1",153500.0,120.0,50.0,210711.54,-57211.54000000001
Oba,"3+1",220500.0,180.0,2000.0,277600.0,-57100.0
Oba,"3+1",220500.0,165.0,2000.0,277600.0,-57100.0
Oba,"3+1",220500.0,145.0,200.0,277600.0,-57100.0
Mahmutlar,"3+1",209000.0,204.0,450.0,266088.24,-57088.23999999999
Alanya(Center),"2+1",147000.0,80.0,650.0,203551.52,-56551.51999999999
Alanya(Center),"2+1",147000.0,66.0,500.0,203551.52,-56551.51999999999
Alanya(Center),"2+1",147000.0,125.0,600.0,203551.52,-56551.51999999999
Tosmur,"2+1",109500.0,105.0,180.0,165903.23,-56403.23000000001
Oba,"1+1",76000.0,55.0,300.0,132396.36,-56396.359999999986
Alanya(Center),"1+1",112000.0,45.0,700.0,168298.97,-56298.97
Mahmutlar,"3+1",210000.0,165.0,150.0,266088.24,-56088.23999999999
Mahmutlar,"3+1",210000.0,160.0,400.0,266088.24,-56088.23999999999
Mahmutlar,"2+1",108500.0,95.0,250.0,164145.71,-55645.70999999999
Tosmur,"2+1",110500.0,100.0,750.0,165903.23,-55403.23000000001
Tosmur,"2+1",110500.0,110.0,350.0,165903.23,-55403.23000000001
Mahmutlar,"2+1",109000.0,100.0,1500.0,164145.71,-55145.70999999999
Oba,"2+1",131500.0,110.0,300.0,186147.54,-54647.54000000001
Mahmutlar,"2+1",110500.0,101.0,1200.0,164145.71,-53645.70999999999
Mahmutlar,"2+1",110500.0,120.0,300.0,164145.71,-53645.70999999999
Mahmutlar,"2+1",110500.0,130.0,350.0,164145.71,-53645.70999999999
Mahmutlar,"2+1",110500.0,90.0,250.0,164145.71,-53645.70999999999
Mahmutlar,"2+1",110500.0,125.0,600.0,164145.71,-53645.70999999999
Mahmutlar,"2+1",110500.0,111.0,750.0,164145.71,-53645.70999999999
Mahmutlar,"2+1",110500.0,110.0,1500.0,164145.71,-53645.70999999999
Kargıcak,"1+1",95500.0,55.0,2000.0,149085.94,-53585.94
Mahmutlar,"4+1",236500.0,183.0,300.0,289800.0,-53300.0
Kestel,"2+1",157500.0,110.0,100.0,210711.54,-53211.54000000001
Kestel,"2+1",157500.0,110.0,200.0,210711.54,-53211.54000000001
Konaklı,"1+1",100000.0,55.0,280.0,153062.5,-53062.5
Oba,"1+1",79500.0,47.0,4000.0,132396.36,-52896.359999999986
Kestel,"1+1",93000.0,70.0,300.0,145889.58,-52889.57999999999
Alanya(Center),"1+1",115500.0,55.0,700.0,168298.97,-52798.97
Alanya(Center),"1+1",115500.0,45.0,2000.0,168298.97,-52798.97
Kargıcak,"1+1",96500.0,55.0,300.0,149085.94,-52585.94
Kargıcak,"1+1",96500.0,60.0,300.0,149085.94,-52585.94
Oba,"1+1",80000.0,65.0,2000.0,132396.36,-52396.359999999986
Oba,"1+1",80500.0,42.0,400.0,132396.36,-51896.359999999986
Mahmutlar,"2+1",113000.0,100.0,300.0,164145.71,-51145.70999999999
Alanya(Center),"2+1",152500.0,80.0,650.0,203551.52,-51051.51999999999
Alanya(Center),"2+1",152500.0,114.0,4000.0,203551.52,-51051.51999999999
Alanya(Center),"2+1",152500.0,92.0,1000.0,203551.52,-51051.51999999999
Tosmur,"2+1",115500.0,125.0,500.0,165903.23,-50403.23000000001
Tosmur,"3+1",315000.0,150.0,50.0,365000.0,-50000.0
Gazipaşa,"1+1",46500.0,34.0,1000.0,96399.06,-49899.06
Oba,"2+1",136500.0,100.0,1500.0,186147.54,-49647.54000000001
Tosmur,"1+1",120750.0,65.0,500.0,170152.75,-49402.75
Oba,"1+1",83000.0,55.0,3000.0,132396.36,-49396.359999999986
Kestel,"1+1",96500.0,70.0,100.0,145889.58,-49389.57999999999
Kestel,"1+1",96500.0,55.0,700.0,145889.58,-49389.57999999999
Tosmur,"1+1",121000.0,65.0,300.0,170152.75,-49152.75
Mahmutlar,"1+1",66500.0,60.0,1500.0,115592.19,-49092.19
Alanya(Center),"2+1",154500.0,98.0,300.0,203551.52,-49051.51999999999
Cikcilli,"2+1",147000.0,110.0,1500.0,195942.31,-48942.31
Oba,"1+1",83500.0,55.0,3500.0,132396.36,-48896.359999999986
Kargıcak,"3+1",304500.0,195.0,1000.0,353267.86,-48767.859999999986
Oba,"2+1",137500.0,100.0,2000.0,186147.54,-48647.54000000001
Mahmutlar,"2+1",115500.0,150.0,2000.0,164145.71,-48645.70999999999
Mahmutlar,"2+1",115500.0,120.0,450.0,164145.71,-48645.70999999999
Mahmutlar,"2+1",115500.0,110.0,300.0,164145.71,-48645.70999999999
Mahmutlar,"2+1",115500.0,98.0,250.0,164145.71,-48645.70999999999
Mahmutlar,"2+1",115500.0,100.0,1000.0,164145.71,-48645.70999999999
Mahmutlar,"4+1",241500.0,255.0,1500.0,289800.0,-48300.0
Mahmutlar,"4+1",241500.0,220.0,400.0,289800.0,-48300.0
Oba,"1+1",85000.0,50.0,1100.0,132396.36,-47396.359999999986
Alanya(Center),"1+1",121000.0,50.0,600.0,168298.97,-47298.97
Alanya(Center),"1+1",121000.0,58.0,200.0,168298.97,-47298.97
Alanya(Center),"1+1",121000.0,56.0,950.0,168298.97,-47298.97
Mahmutlar,"1+1",68500.0,55.0,500.0,115592.19,-47092.19
Oba,"1+1",86000.0,50.0,3000.0,132396.36,-46396.359999999986
Oba,"1+1",86000.0,52.0,2500.0,132396.36,-46396.359999999986
Mahmutlar,"2+1",118000.0,95.0,50.0,164145.71,-46145.70999999999
Mahmutlar,"2+1",118000.0,110.0,400.0,164145.71,-46145.70999999999
Kargıcak,"1+1",103000.0,48.0,70.0,149085.94,-46085.94
Alanya(Center),"2+1",157500.0,109.0,1300.0,203551.52,-46051.51999999999
Alanya(Center),"2+1",157500.0,100.0,1000.0,203551.52,-46051.51999999999
Alanya(Center),"2+1",157500.0,110.0,750.0,203551.52,-46051.51999999999
Avsallar,"2+1",86000.0,75.0,1400.0,131909.09,-45909.09
Avsallar,"1+1",48500.0,48.0,1500.0,94188.54,-45688.53999999999
Mahmutlar,"1+1",70000.0,47.0,600.0,115592.19,-45592.19
Mahmutlar,"1+1",70000.0,50.0,250.0,115592.19,-45592.19
Mahmutlar,"1+1",70000.0,54.0,1000.0,115592.19,-45592.19
Alanya(Center),"2+1",158000.0,75.0,2000.0,203551.52,-45551.51999999999
Mahmutlar,"2+1",119000.0,120.0,300.0,164145.71,-45145.70999999999
Tosmur,"2+1",121000.0,115.0,600.0,165903.23,-44903.23000000001
Kestel,"2+1",166000.0,115.0,200.0,210711.54,-44711.54000000001
Oba,"1+1",88000.0,50.0,2150.0,132396.36,-44396.359999999986
Alanya(Center),"1+1",124000.0,60.0,600.0,168298.97,-44298.97
Alanya(Center),"1+1",124000.0,50.0,200.0,168298.97,-44298.97
Konaklı,"2+1",143000.0,115.0,1200.0,187250.0,-44250.0
Oba,"2+1",142000.0,120.0,850.0,186147.54,-44147.54000000001
Oba,"2+1",142000.0,90.0,1200.0,186147.54,-44147.54000000001
Mahmutlar,"2+1",120000.0,80.0,500.0,164145.71,-44145.70999999999
Mahmutlar,"1+1",71500.0,50.0,1200.0,115592.19,-44092.19
Konaklı,"1+1",109000.0,58.0,300.0,153062.5,-44062.5
Kestel,"1+1",102000.0,60.0,150.0,145889.58,-43889.57999999999
Kestel,"1+1",102000.0,55.0,400.0,145889.58,-43889.57999999999
Kestel,"2+1",167000.0,120.0,150.0,210711.54,-43711.54000000001
Avsallar,"1+1",50500.0,45.0,1150.0,94188.54,-43688.53999999999
Mahmutlar,"1+1",72000.0,57.0,800.0,115592.19,-43592.19
Mahmutlar,"1+1",72000.0,57.0,800.0,115592.19,-43592.19
Mahmutlar,"1+1",72000.0,48.0,750.0,115592.19,-43592.19
Mahmutlar,"1+1",72000.0,55.0,1300.0,115592.19,-43592.19
Mahmutlar,"1+1",72000.0,55.0,1000.0,115592.19,-43592.19
Cikcilli,"2+1",152500.0,115.0,1200.0,195942.31,-43442.31
Oba,"1+1",89000.0,56.0,2500.0,132396.36,-43396.359999999986
Kargıcak,"3+1",310000.0,170.0,600.0,353267.86,-43267.859999999986
Avsallar,"5+1",143000.0,180.0,900.0,186166.67,-43166.67000000001
Mahmutlar,"2+1",121000.0,140.0,350.0,164145.71,-43145.70999999999
Mahmutlar,"2+1",121000.0,100.0,50.0,164145.71,-43145.70999999999
Mahmutlar,"2+1",121000.0,120.0,400.0,164145.71,-43145.70999999999
Mahmutlar,"2+1",121000.0,110.0,150.0,164145.71,-43145.70999999999
Mahmutlar,"2+1",121000.0,123.0,350.0,164145.71,-43145.70999999999
Mahmutlar,"2+1",121000.0,105.0,1300.0,164145.71,-43145.70999999999
Mahmutlar,"2+1",121000.0,125.0,700.0,164145.71,-43145.70999999999
Mahmutlar,"2+1",121000.0,105.0,350.0,164145.71,-43145.70999999999
Mahmutlar,"2+1",121000.0,105.0,500.0,164145.71,-43145.70999999999
Mahmutlar,"2+1",121000.0,73.0,600.0,164145.71,-43145.70999999999
Mahmutlar,"1+1",72500.0,50.0,1500.0,115592.19,-43092.19
Oba,"1+1",89500.0,70.0,2800.0,132396.36,-42896.359999999986
Cikcilli,"3+1",271000.0,250.0,2000.0,313875.0,-42875.0
Mahmutlar,"1+1",73000.0,50.0,600.0,115592.19,-42592.19
Mahmutlar,"1+1",73000.0,49.0,2500.0,115592.19,-42592.19
Oba,"1+1",90000.0,55.0,350.0,132396.36,-42396.359999999986
Oba,"1+1",90000.0,47.0,2500.0,132396.36,-42396.359999999986
Alanya(Center),"1+1",126000.0,45.0,600.0,168298.97,-42298.97
Alanya(Center),"1+1",126000.0,55.0,400.0,168298.97,-42298.97
Avsallar,"1+1",52000.0,59.0,1700.0,94188.54,-42188.53999999999
Oba,"2+1",144000.0,110.0,300.0,186147.54,-42147.54000000001
Mahmutlar,"2+1",122000.0,100.0,900.0,164145.71,-42145.70999999999
Oba,"1+1",90500.0,50.0,250.0,132396.36,-41896.359999999986
Mahmutlar,"1+1",74000.0,55.0,1500.0,115592.19,-41592.19
Mahmutlar,"1+1",74000.0,50.0,650.0,115592.19,-41592.19
Mahmutlar,"1+1",74000.0,55.0,370.0,115592.19,-41592.19
Oba,"1+1",91000.0,50.0,2700.0,132396.36,-41396.359999999986
Oba,"1+1",91000.0,60.0,1800.0,132396.36,-41396.359999999986
Oba,"1+1",91000.0,56.0,2500.0,132396.36,-41396.359999999986
Oba,"2+1",145000.0,100.0,950.0,186147.54,-41147.54000000001
Oba,"3+1",236500.0,120.0,750.0,277600.0,-41100.0
Oba,"3+1",236500.0,140.0,300.0,277600.0,-41100.0
Kestel,"1+1",105000.0,60.0,30.0,145889.58,-40889.57999999999
Alanya(Center),"1+1",127500.0,50.0,1200.0,168298.97,-40798.97
Mahmutlar,"2+1",123500.0,106.0,1200.0,164145.71,-40645.70999999999
Mahmutlar,"1+1",75000.0,60.0,400.0,115592.19,-40592.19
Mahmutlar,"1+1",75000.0,55.0,400.0,115592.19,-40592.19
Mahmutlar,"1+1",75000.0,55.0,500.0,115592.19,-40592.19
Mahmutlar,"1+1",75000.0,55.0,1500.0,115592.19,-40592.19
Alanya(Center),"2+1",163000.0,92.0,1000.0,203551.52,-40551.51999999999
Alanya(Center),"2+1",163000.0,100.0,150.0,203551.52,-40551.51999999999
Oba,"1+1",92000.0,62.0,3500.0,132396.36,-40396.359999999986
Demirtaş,"2+1",102000.0,85.0,500.0,142200.0,-40200.0
Tosmur,"1+1",130000.0,65.0,300.0,170152.75,-40152.75
Oba,"2+1",146000.0,110.0,1000.0,186147.54,-40147.54000000001
Mahmutlar,"2+1",124000.0,120.0,300.0,164145.71,-40145.70999999999
Kargıcak,"1+1",109000.0,46.0,350.0,149085.94,-40085.94
Mahmutlar,"1+1",76000.0,50.0,650.0,115592.19,-39592.19
Alanya(Center),"1+1",129000.0,45.0,300.0,168298.97,-39298.97
Kargıcak,"3+1",314000.0,170.0,100.0,353267.86,-39267.859999999986
Avsallar,"1+1",55000.0,40.0,1400.0,94188.54,-39188.53999999999
Oba,"2+1",147000.0,120.0,1700.0,186147.54,-39147.54000000001
Kargıcak,"2+1",199500.0,130.0,700.0,238600.0,-39100.0
Kargıcak,"1+1",110000.0,66.0,200.0,149085.94,-39085.94
Kargıcak,"1+1",110500.0,73.0,200.0,149085.94,-38585.94
Alanya(Center),"2+1",165000.0,83.0,350.0,203551.52,-38551.51999999999
Gazipaşa,"1+1",58000.0,55.0,2200.0,96399.06,-38399.06
Avsallar,"1+1",56000.0,50.0,1700.0,94188.54,-38188.53999999999
Mahmutlar,"2+1",126000.0,130.0,650.0,164145.71,-38145.70999999999
Mahmutlar,"2+1",126000.0,150.0,1600.0,164145.71,-38145.70999999999
Mahmutlar,"2+1",126000.0,80.0,300.0,164145.71,-38145.70999999999
Mahmutlar,"2+1",126000.0,115.0,1500.0,164145.71,-38145.70999999999
Alanya(Center),"3+1",340000.0,165.0,500.0,377776.32,-37776.32000000001
Mahmutlar,"1+1",78000.0,55.0,850.0,115592.19,-37592.19
Demirtaş,"2+1",105000.0,80.0,1200.0,142200.0,-37200.0
Kestel,"3+1",184000.0,150.0,200.0,221000.0,-37000.0
Alanya(Center),"1+1",131500.0,60.0,100.0,168298.97,-36798.97
Mahmutlar,"1+1",79000.0,55.0,800.0,115592.19,-36592.19
Alanya(Center),"1+1",132000.0,55.0,300.0,168298.97,-36298.97
Oba,"3+1",241500.0,220.0,1000.0,277600.0,-36100.0
Oba,"3+1",241500.0,220.0,850.0,277600.0,-36100.0
Gazipaşa,"1+1",60500.0,40.0,2500.0,96399.06,-35899.06
Oba,"1+1",96500.0,51.0,3500.0,132396.36,-35896.359999999986
Mahmutlar,"1+1",80000.0,55.0,900.0,115592.19,-35592.19
Mahmutlar,"1+1",80000.0,56.0,900.0,115592.19,-35592.19
Alanya(Center),"2+1",168000.0,140.0,2000.0,203551.52,-35551.51999999999
Avsallar,"2+1",96500.0,110.0,1400.0,131909.09,-35409.09
Avsallar,"1+1",59000.0,55.0,1500.0,94188.54,-35188.53999999999
Avsallar,"1+1",59000.0,50.0,1400.0,94188.54,-35188.53999999999
Mahmutlar,"1+1",80500.0,60.0,600.0,115592.19,-35092.19
Mahmutlar,"1+1",80500.0,55.0,400.0,115592.19,-35092.19
Mahmutlar,"1+1",80500.0,65.0,400.0,115592.19,-35092.19
Mahmutlar,"1+1",80500.0,60.0,400.0,115592.19,-35092.19
Mahmutlar,"1+1",80500.0,76.0,250.0,115592.19,-35092.19
Mahmutlar,"1+1",80500.0,51.0,1800.0,115592.19,-35092.19
Mahmutlar,"3+1",231000.0,175.0,900.0,266088.24,-35088.23999999999
Oba,"1+1",97500.0,50.0,2800.0,132396.36,-34896.359999999986
Mahmutlar,"2+1",129500.0,125.0,200.0,164145.71,-34645.70999999999
Mahmutlar,"1+1",81000.0,55.0,1300.0,115592.19,-34592.19
Tosmur,"2+1",131500.0,110.0,700.0,165903.23,-34403.23000000001
Avsallar,"1+1",60000.0,55.0,1300.0,94188.54,-34188.53999999999
Mahmutlar,"1+1",81500.0,70.0,300.0,115592.19,-34092.19
Kargıcak,"2+1",205000.0,150.0,700.0,238600.0,-33600.0
Kargıcak,"2+1",205000.0,100.0,200.0,238600.0,-33600.0
Kargıcak,"1+1",115500.0,70.0,250.0,149085.94,-33585.94
Kargıcak,"1+1",115500.0,55.0,200.0,149085.94,-33585.94
Kestel,"1+1",112500.0,55.0,200.0,145889.58,-33389.57999999999
Oba,"2+1",153000.0,98.0,1500.0,186147.54,-33147.54000000001
Mahmutlar,"1+1",82500.0,55.0,400.0,115592.19,-33092.19
Cikcilli,"2+1",163000.0,100.0,2500.0,195942.31,-32942.31
Alanya(Center),"3+1",345000.0,174.0,3000.0,377776.32,-32776.32000000001
Türkler,"1+1",125000.0,56.0,450.0,157666.67,-32666.670000000013
Mahmutlar,"2+1",131500.0,85.0,250.0,164145.71,-32645.709999999992
Mahmutlar,"2+1",131500.0,110.0,400.0,164145.71,-32645.709999999992
Mahmutlar,"2+1",131500.0,125.0,350.0,164145.71,-32645.709999999992
Mahmutlar,"2+1",131500.0,115.0,400.0,164145.71,-32645.709999999992
Mahmutlar,"2+1",131500.0,90.0,600.0,164145.71,-32645.709999999992
Mahmutlar,"1+1",83000.0,55.0,1200.0,115592.19,-32592.190000000002
Mahmutlar,"1+1",83000.0,60.0,300.0,115592.19,-32592.190000000002
Payallar,"1+1",59000.0,45.0,2000.0,91518.52,-32518.520000000004
Payallar,"1+1",59000.0,49.0,1500.0,91518.52,-32518.520000000004
Oba,"1+1",100000.0,60.0,900.0,132396.36,-32396.359999999986
Oba,"1+1",100000.0,54.0,2700.0,132396.36,-32396.359999999986
Oba,"1+1",100000.0,45.0,400.0,132396.36,-32396.359999999986
Kestel,"4+1",346500.0,150.0,400.0,378850.0,-32350.0
Oba,"2+1",154000.0,110.0,1700.0,186147.54,-32147.540000000008
Mahmutlar,"2+1",132000.0,84.0,400.0,164145.71,-32145.709999999992
Mahmutlar,"1+1",83500.0,66.0,400.0,115592.19,-32092.190000000002
Alanya(Center),"3+2",385000.0,280.0,2500.0,417000.0,-32000.0
Oba,"1+1",100500.0,60.0,200.0,132396.36,-31896.359999999986
Alanya(Center),"1+1",136500.0,55.0,1200.0,168298.97,-31798.97
Alanya(Center),"1+1",136500.0,45.0,200.0,168298.97,-31798.97
Alanya(Center),"1+1",136500.0,45.0,250.0,168298.97,-31798.97
Alanya(Center),"1+1",136500.0,55.0,800.0,168298.97,-31798.97
Mahmutlar,"1+1",84000.0,55.0,800.0,115592.19,-31592.190000000002
Mahmutlar,"4+1",258500.0,170.0,800.0,289800.0,-31300.0
Oba,"2+1",155000.0,115.0,700.0,186147.54,-31147.540000000008
Kestel,"2+1",180000.0,110.0,500.0,210711.54,-30711.540000000008
Avsallar,"1+1",63500.0,55.0,900.0,94188.54,-30688.539999999994
Mahmutlar,"2+1",133500.0,120.0,150.0,164145.71,-30645.709999999992
Mahmutlar,"1+1",85000.0,57.0,350.0,115592.19,-30592.190000000002
Mahmutlar,"1+1",85000.0,55.0,1500.0,115592.19,-30592.190000000002
Tosmur,"2+1",135500.0,120.0,300.0,165903.23,-30403.23000000001
Gazipaşa,"1+1",66000.0,52.0,1700.0,96399.06,-30399.059999999998
Oba,"1+1",102000.0,55.0,3500.0,132396.36,-30396.359999999986
Oba,"1+1",102000.0,70.0,1500.0,132396.36,-30396.359999999986
Oba,"1+1",102000.0,60.0,300.0,132396.36,-30396.359999999986
Oba,"1+1",102000.0,55.0,350.0,132396.36,-30396.359999999986
Kestel,"1+1",115500.0,59.0,50.0,145889.58,-30389.579999999987
Kestel,"1+1",115500.0,55.0,700.0,145889.58,-30389.579999999987
Kestel,"1+1",115500.0,55.0,700.0,145889.58,-30389.579999999987
Kestel,"1+1",115500.0,50.0,2300.0,145889.58,-30389.579999999987
Tosmur,"1+1",140000.0,55.0,300.0,170152.75,-30152.75
Mahmutlar,"1+1",85500.0,55.0,600.0,115592.19,-30092.190000000002
Alanya(Center),"2+1",173500.0,117.0,700.0,203551.52,-30051.51999999999
Konaklı,"2+1",157500.0,105.0,300.0,187250.0,-29750.0
Avsallar,"1+1",64500.0,55.0,1400.0,94188.54,-29688.539999999994
Avsallar,"1+1",64500.0,55.0,2000.0,94188.54,-29688.539999999994
Avsallar,"1+1",64500.0,50.0,1700.0,94188.54,-29688.539999999994
Oba,"2+1",156500.0,95.0,800.0,186147.54,-29647.540000000008
Mahmutlar,"2+1",134500.0,160.0,2500.0,164145.71,-29645.709999999992
Mahmutlar,"1+1",86000.0,45.0,2500.0,115592.19,-29592.190000000002
Mahmutlar,"1+1",86000.0,55.0,500.0,115592.19,-29592.190000000002
Tosmur,"2+1",136500.0,110.0,30.0,165903.23,-29403.23000000001
Avsallar,"1+1",65000.0,51.0,1200.0,94188.54,-29188.539999999994
Tosmur,"4+1",315000.0,275.0,500.0,344000.0,-29000.0
Cikcilli,"1+1",89000.0,55.0,1800.0,117833.33,-28833.33
Kestel,"2+1",182000.0,110.0,50.0,210711.54,-28711.540000000008
Oba,"2+1",157500.0,90.0,1200.0,186147.54,-28647.540000000008
Mahmutlar,"1+1",87000.0,55.0,500.0,115592.19,-28592.190000000002
Gazipaşa,"2+1",96500.0,110.0,1400.0,124800.0,-28300.0
Alanya(Center),"1+1",140000.0,60.0,600.0,168298.97,-28298.97
Avsallar,"3+1",236500.0,220.0,2500.0,264750.0,-28250.0
Avsallar,"3+1",236500.0,160.0,1500.0,264750.0,-28250.0
Oba,"2+1",158000.0,108.0,1300.0,186147.54,-28147.540000000008
Mahmutlar,"1+1",87500.0,60.0,350.0,115592.19,-28092.190000000002
Mahmutlar,"1+1",87500.0,51.0,1500.0,115592.19,-28092.190000000002
Payallar,"1+1",63500.0,50.0,2000.0,91518.52,-28018.520000000004
Payallar,"1+1",63500.0,60.0,2000.0,91518.52,-28018.520000000004
Gazipaşa,"1+1",68500.0,50.0,2300.0,96399.06,-27899.059999999998
Kargıcak,"3+1",325500.0,250.0,3000.0,353267.86,-27767.859999999986
Mahmutlar,"2+1",136500.0,105.0,850.0,164145.71,-27645.709999999992
Mahmutlar,"2+1",136500.0,110.0,150.0,164145.71,-27645.709999999992
Mahmutlar,"2+1",136500.0,125.0,350.0,164145.71,-27645.709999999992
Mahmutlar,"2+1",136500.0,105.0,450.0,164145.71,-27645.709999999992
Mahmutlar,"2+1",136500.0,150.0,100.0,164145.71,-27645.709999999992
Mahmutlar,"1+1",88000.0,50.0,400.0,115592.19,-27592.190000000002
Oba,"1+1",105000.0,41.0,2000.0,132396.36,-27396.359999999986
Oba,"1+1",105000.0,52.0,1500.0,132396.36,-27396.359999999986
Oba,"1+1",105000.0,65.0,4000.0,132396.36,-27396.359999999986
Avsallar,"1+1",67000.0,52.0,1250.0,94188.54,-27188.539999999994
Mahmutlar,"1+1",88500.0,48.0,630.0,115592.19,-27092.190000000002
Payallar,"1+1",64500.0,45.0,2000.0,91518.52,-27018.520000000004
Avsallar,"2+1",105000.0,97.0,1500.0,131909.09,-26909.089999999997
Avsallar,"2+1",105000.0,110.0,900.0,131909.09,-26909.089999999997
Avsallar,"2+1",105000.0,87.0,1500.0,131909.09,-26909.089999999997
Avsallar,"2+1",105000.0,75.0,1300.0,131909.09,-26909.089999999997
Avsallar,"2+1",105000.0,97.0,1500.0,131909.09,-26909.089999999997
Cikcilli,"1+1",91000.0,55.0,1800.0,117833.33,-26833.33
Avsallar,"1+1",67500.0,55.0,1400.0,94188.54,-26688.539999999994
Avsallar,"1+1",67500.0,45.0,1700.0,94188.54,-26688.539999999994
Avsallar,"1+1",67500.0,55.0,2000.0,94188.54,-26688.539999999994
Mahmutlar,"1+1",89000.0,45.0,650.0,115592.19,-26592.190000000002
Mahmutlar,"1+1",89000.0,55.0,850.0,115592.19,-26592.190000000002
Oba,"1+1",106000.0,55.0,2000.0,132396.36,-26396.359999999986
Oba,"1+1",106000.0,50.0,1300.0,132396.36,-26396.359999999986
Gazipaşa,"2+1",98500.0,100.0,2800.0,124800.0,-26300.0
Alanya(Center),"1+1",142000.0,55.0,100.0,168298.97,-26298.97
Alanya(Center),"1+1",142000.0,65.0,350.0,168298.97,-26298.97
Alanya(Center),"1+1",142000.0,62.0,600.0,168298.97,-26298.97
Alanya(Center),"1+1",142000.0,50.0,250.0,168298.97,-26298.97
Mahmutlar,"1+1",89500.0,65.0,3000.0,115592.19,-26092.190000000002
Tosmur,"2+1",140000.0,110.0,600.0,165903.23,-25903.23000000001
Avsallar,"1+1",68500.0,50.0,1200.0,94188.54,-25688.539999999994
Avsallar,"1+1",68500.0,42.0,1400.0,94188.54,-25688.539999999994
Mahmutlar,"1+1",90000.0,62.0,400.0,115592.19,-25592.190000000002
Payallar,"1+1",66000.0,55.0,2000.0,91518.52,-25518.520000000004
Alanya(Center),"1+1",143000.0,58.0,1200.0,168298.97,-25298.97
Avsallar,"1+1",69000.0,50.0,800.0,94188.54,-25188.539999999994
Oba,"2+1",161000.0,95.0,300.0,186147.54,-25147.540000000008
Mahmutlar,"2+1",139000.0,140.0,600.0,164145.71,-25145.709999999992
Kargıcak,"1+1",124000.0,50.0,200.0,149085.94,-25085.940000000002
Kargıcak,"1+1",124000.0,52.0,500.0,149085.94,-25085.940000000002
Demirtaş,"1+1",70000.0,55.0,1200.0,94937.5,-24937.5
Demirtaş,"1+1",70000.0,65.0,700.0,94937.5,-24937.5
Kestel,"1+1",121000.0,65.0,50.0,145889.58,-24889.579999999987
Avsallar,"1+1",69500.0,55.0,1000.0,94188.54,-24688.539999999994
Mahmutlar,"1+1",91000.0,65.0,150.0,115592.19,-24592.190000000002
Mahmutlar,"1+1",91000.0,55.0,550.0,115592.19,-24592.190000000002
Mahmutlar,"1+1",91000.0,65.0,400.0,115592.19,-24592.190000000002
Mahmutlar,"3+1",241500.0,163.0,100.0,266088.24,-24588.23999999999
Kargıcak,"1+1",124500.0,55.0,100.0,149085.94,-24585.940000000002
Avsallar,"1+1",70000.0,50.0,1500.0,94188.54,-24188.539999999994
Avsallar,"1+1",70000.0,50.0,1200.0,94188.54,-24188.539999999994
Avsallar,"1+1",70000.0,63.0,1500.0,94188.54,-24188.539999999994
Kestel,"5+1",297000.0,280.0,250.0,321166.67,-24166.669999999984
Mahmutlar,"2+1",140000.0,105.0,350.0,164145.71,-24145.709999999992
Mahmutlar,"2+1",140000.0,110.0,50.0,164145.71,-24145.709999999992
Mahmutlar,"2+1",140000.0,120.0,150.0,164145.71,-24145.709999999992
Mahmutlar,"2+1",140000.0,115.0,50.0,164145.71,-24145.709999999992
Konaklı,"1+1",129000.0,57.0,1400.0,153062.5,-24062.5
Tosmur,"2+1",142000.0,115.0,600.0,165903.23,-23903.23000000001
Tosmur,"2+1",142000.0,105.0,600.0,165903.23,-23903.23000000001
Kargıcak,"2+1",215000.0,147.0,700.0,238600.0,-23600.0
Avsallar,"1+1",71000.0,55.0,1000.0,94188.54,-23188.539999999994
Mahmutlar,"1+1",92500.0,65.0,300.0,115592.19,-23092.190000000002
Payallar,"1+1",68500.0,54.0,700.0,91518.52,-23018.520000000004
Mahmutlar,"1+1",93000.0,53.0,900.0,115592.19,-22592.190000000002
Cikcilli,"2+1",173500.0,115.0,1000.0,195942.31,-22442.309999999998
Oba,"1+1",110000.0,53.0,2000.0,132396.36,-22396.359999999986
Oba,"1+1",110000.0,50.0,4000.0,132396.36,-22396.359999999986
Cikcilli,"1+1",95500.0,65.0,1500.0,117833.33,-22333.33
Alanya(Center),"1+1",146000.0,60.0,500.0,168298.97,-22298.97
Mahmutlar,"1+0",54000.0,55.0,500.0,76200.0,-22200.0
Mahmutlar,"2+1",142000.0,115.0,300.0,164145.71,-22145.709999999992
Mahmutlar,"2+1",142000.0,100.0,1500.0,164145.71,-22145.709999999992
Mahmutlar,"2+1",142000.0,130.0,400.0,164145.71,-22145.709999999992
Mahmutlar,"2+1",142000.0,80.0,400.0,164145.71,-22145.709999999992
Mahmutlar,"1+1",93500.0,60.0,300.0,115592.19,-22092.190000000002
Mahmutlar,"1+1",93500.0,52.0,800.0,115592.19,-22092.190000000002
Mahmutlar,"1+1",93500.0,55.0,550.0,115592.19,-22092.190000000002
Avsallar,"2+1",110000.0,65.0,1700.0,131909.09,-21909.089999999997
Oba,"1+1",110500.0,54.0,2000.0,132396.36,-21896.359999999986
Oba,"1+1",110500.0,55.0,1800.0,132396.36,-21896.359999999986
Oba,"1+1",110500.0,55.0,2500.0,132396.36,-21896.359999999986
Okurcalar,"1+1",99000.0,56.0,100.0,120500.0,-21500.0
Demirtaş,"1+1",73500.0,55.0,1200.0,94937.5,-21437.5
Gazipaşa,"1+1",75000.0,54.0,2000.0,96399.06,-21399.059999999998
Gazipaşa,"1+1",75000.0,60.0,1300.0,96399.06,-21399.059999999998
Alanya(Center),"1+1",147000.0,50.0,850.0,168298.97,-21298.97
Mahmutlar,"2+1",143000.0,110.0,400.0,164145.71,-21145.709999999992
Mahmutlar,"1+1",94500.0,68.0,350.0,115592.19,-21092.190000000002
Mahmutlar,"1+1",94500.0,70.0,500.0,115592.19,-21092.190000000002
Mahmutlar,"1+1",95000.0,54.0,1500.0,115592.19,-20592.190000000002
Oba,"4+1",273000.0,220.0,850.0,293527.78,-20527.780000000028
Oba,"4+1",273000.0,250.0,2500.0,293527.78,-20527.780000000028
Oba,"1+1",112000.0,81.0,1500.0,132396.36,-20396.359999999986
Konaklı,"2+1",167000.0,125.0,400.0,187250.0,-20250.0
Avsallar,"1+1",74000.0,46.0,1400.0,94188.54,-20188.539999999994
Mahmutlar,"2+1",144000.0,120.0,200.0,164145.71,-20145.709999999992
Oba,"1+1",112500.0,48.0,2000.0,132396.36,-19896.359999999986
Kestel,"1+1",126000.0,68.0,150.0,145889.58,-19889.579999999987
Kestel,"1+1",126000.0,65.0,100.0,145889.58,-19889.579999999987
Kargıcak,"1+1",129500.0,61.0,1100.0,149085.94,-19585.940000000002
Alanya(Center),"2+1",184000.0,127.0,250.0,203551.52,-19551.51999999999
Alanya(Center),"1+1",149000.0,50.0,650.0,168298.97,-19298.97
Avsallar,"1+1",75000.0,56.0,900.0,94188.54,-19188.539999999994
Avsallar,"1+1",75000.0,55.0,2000.0,94188.54,-19188.539999999994
Avsallar,"1+1",75000.0,43.0,900.0,94188.54,-19188.539999999994
Mahmutlar,"1+1",96500.0,65.0,500.0,115592.19,-19092.190000000002
Mahmutlar,"1+1",96500.0,53.0,600.0,115592.19,-19092.190000000002
Mahmutlar,"1+1",96500.0,56.0,400.0,115592.19,-19092.190000000002
Mahmutlar,"1+1",96500.0,55.0,500.0,115592.19,-19092.190000000002
Payallar,"1+1",72500.0,55.0,780.0,91518.52,-19018.520000000004
Tosmur,"2+1",147000.0,125.0,700.0,165903.23,-18903.23000000001
Oba,"3+1",259000.0,138.0,2500.0,277600.0,-18600.0
Mahmutlar,"1+1",97000.0,55.0,450.0,115592.19,-18592.190000000002
Alanya(Center),"2+1",185000.0,59.0,1200.0,203551.52,-18551.51999999999
Payallar,"1+1",73000.0,63.0,2200.0,91518.52,-18518.520000000004
Oba,"2+1",168000.0,120.0,1500.0,186147.54,-18147.540000000008
Oba,"2+1",168000.0,100.0,1900.0,186147.54,-18147.540000000008
Mahmutlar,"2+1",146000.0,140.0,150.0,164145.71,-18145.709999999992
Cikcilli,"1+1",100000.0,60.0,800.0,117833.33,-17833.33
Kargıcak,"1+1",131500.0,65.0,30.0,149085.94,-17585.940000000002
Konaklı,"1+1",135500.0,45.0,700.0,153062.5,-17562.5
Cikcilli,"2+1",178500.0,98.0,800.0,195942.31,-17442.309999999998
Cikcilli,"2+1",178500.0,100.0,1000.0,195942.31,-17442.309999999998
Gazipaşa,"1+1",79000.0,57.0,2750.0,96399.06,-17399.059999999998
Gazipaşa,"1+1",79000.0,50.0,1500.0,96399.06,-17399.059999999998
Mahmutlar,"2+1",147000.0,130.0,50.0,164145.71,-17145.709999999992
Mahmutlar,"2+1",147000.0,100.0,450.0,164145.71,-17145.709999999992
Mahmutlar,"2+1",147000.0,81.0,1800.0,164145.71,-17145.709999999992
Mahmutlar,"1+1",98500.0,55.0,400.0,115592.19,-17092.190000000002
Kargıcak,"1+1",132000.0,56.0,280.0,149085.94,-17085.940000000002
Kestel,"3+1",204000.0,194.0,300.0,221000.0,-17000.0
Oba,"1+1",115500.0,55.0,1700.0,132396.36,-16896.359999999986
Oba,"1+1",115500.0,73.0,500.0,132396.36,-16896.359999999986
Oba,"1+1",115500.0,65.0,500.0,132396.36,-16896.359999999986
Türkler,"1+1",141000.0,85.0,300.0,157666.67,-16666.670000000013
Mahmutlar,"1+1",99000.0,55.0,250.0,115592.19,-16592.190000000002
Demirtaş,"1+1",78500.0,55.0,1200.0,94937.5,-16437.5
Oba,"1+1",116350.0,51.0,2300.0,132396.36,-16046.359999999986
Kestel,"3+1",205000.0,120.0,400.0,221000.0,-16000.0
Cikcilli,"2+1",180000.0,120.0,1000.0,195942.31,-15942.309999999998
Demirtaş,"1+1",79000.0,46.0,1500.0,94937.5,-15937.5
Demirtaş,"1+1",79000.0,46.0,750.0,94937.5,-15937.5
Cikcilli,"1+1",102000.0,75.0,850.0,117833.33,-15833.330000000002
Alanya(Center),"1+1",152500.0,55.0,550.0,168298.97,-15798.970000000001
Avsallar,"1+1",78500.0,48.0,800.0,94188.54,-15688.539999999994
Mahmutlar,"2+1",148500.0,115.0,1500.0,164145.71,-15645.709999999992
Mahmutlar,"2+1",148500.0,115.0,500.0,164145.71,-15645.709999999992
Mahmutlar,"1+1",100000.0,53.0,400.0,115592.19,-15592.190000000002
Mahmutlar,"1+1",100000.0,60.0,400.0,115592.19,-15592.190000000002
Mahmutlar,"1+1",100000.0,54.0,300.0,115592.19,-15592.190000000002
Mahmutlar,"1+1",100000.0,58.0,200.0,115592.19,-15592.190000000002
Avsallar,"1+1",79000.0,65.0,800.0,94188.54,-15188.539999999994
Avsallar,"1+1",79000.0,46.0,550.0,94188.54,-15188.539999999994
Oba,"3+1",262500.0,120.0,3000.0,277600.0,-15100.0
Alanya(Center),"2+1",189000.0,100.0,1000.0,203551.52,-14551.51999999999
Alanya(Center),"2+1",189000.0,155.0,3000.0,203551.52,-14551.51999999999
Demirtaş,"1+1",80500.0,61.0,1300.0,94937.5,-14437.5
Oba,"1+1",118000.0,61.0,2800.0,132396.36,-14396.359999999986
Cikcilli,"3+1",299500.0,165.0,700.0,313875.0,-14375.0
Mahmutlar,"1+1",101500.0,70.0,1500.0,115592.19,-14092.190000000002
Avsallar,"2+1",118000.0,94.0,1000.0,131909.09,-13909.089999999997
Konaklı,"2+1",173500.0,115.0,350.0,187250.0,-13750.0
Avsallar,"1+1",80500.0,47.0,800.0,94188.54,-13688.539999999994
Avsallar,"1+1",80500.0,50.0,1000.0,94188.54,-13688.539999999994
Avsallar,"1+1",80500.0,60.0,1200.0,94188.54,-13688.539999999994
Avsallar,"1+1",80500.0,45.0,1000.0,94188.54,-13688.539999999994
Mahmutlar,"1+1",102000.0,70.0,800.0,115592.19,-13592.190000000002
Mahmutlar,"1+1",102000.0,55.0,550.0,115592.19,-13592.190000000002
Alanya(Center),"2+1",190000.0,74.0,250.0,203551.52,-13551.51999999999
Tosmur,"2+1",152500.0,124.0,550.0,165903.23,-13403.23000000001
Oba,"1+1",119000.0,55.0,100.0,132396.36,-13396.359999999986
Oba,"1+1",119000.0,65.0,300.0,132396.36,-13396.359999999986
Kestel,"1+1",132500.0,45.0,50.0,145889.58,-13389.579999999987
Cikcilli,"1+1",104500.0,41.0,1200.0,117833.33,-13333.330000000002
Alanya(Center),"1+1",155000.0,55.0,300.0,168298.97,-13298.970000000001
Alanya(Center),"1+1",155000.0,60.0,700.0,168298.97,-13298.970000000001
Alanya(Center),"1+1",155000.0,53.0,600.0,168298.97,-13298.970000000001
Demirtaş,"2+1",129000.0,110.0,2000.0,142200.0,-13200.0
Avsallar,"1+1",81000.0,53.0,2000.0,94188.54,-13188.539999999994
Payallar,"2+1",93000.0,95.0,3000.0,106166.67,-13166.669999999998
Avsallar,"5+1",173500.0,250.0,450.0,186166.67,-12666.670000000013
Tosmur,"1+1",157500.0,70.0,450.0,170152.75,-12652.75
Oba,"2+1",173500.0,125.0,150.0,186147.54,-12647.540000000008
Oba,"2+1",173500.0,90.0,2000.0,186147.54,-12647.540000000008
Mahmutlar,"2+1",151500.0,110.0,50.0,164145.71,-12645.709999999992
Kargıcak,"2+1",226000.0,110.0,60.0,238600.0,-12600.0
Oba,"1+1",119999.0,53.0,2700.0,132396.36,-12397.359999999986
Oba,"1+1",120000.0,53.0,2300.0,132396.36,-12396.359999999986
Oba,"1+1",120000.0,41.0,2400.0,132396.36,-12396.359999999986
Demirtaş,"1+1",83000.0,55.0,2000.0,94937.5,-11937.5
Mahmutlar,"1+0",64500.0,40.0,600.0,76200.0,-11700.0
Mahmutlar,"2+1",152500.0,105.0,600.0,164145.71,-11645.709999999992
Mahmutlar,"2+1",152500.0,80.0,250.0,164145.71,-11645.709999999992
Mahmutlar,"2+1",152500.0,115.0,200.0,164145.71,-11645.709999999992
Mahmutlar,"2+1",152500.0,120.0,150.0,164145.71,-11645.709999999992
Mahmutlar,"2+1",152500.0,85.0,50.0,164145.71,-11645.709999999992
Mahmutlar,"2+1",152500.0,125.0,300.0,164145.71,-11645.709999999992
Oba,"1+1",121000.0,60.0,200.0,132396.36,-11396.359999999986
Kestel,"2+1",199500.0,105.0,50.0,210711.54,-11211.540000000008
Oba,"2+1",175000.0,112.0,2500.0,186147.54,-11147.540000000008
Avsallar,"4+1",275000.0,220.0,400.0,286000.0,-11000.0
Kestel,"3+1",210000.0,200.0,200.0,221000.0,-11000.0
Avsallar,"2+1",121000.0,105.0,1400.0,131909.09,-10909.089999999997
Alanya(Center),"1+1",157500.0,58.0,1200.0,168298.97,-10798.970000000001
Alanya(Center),"1+1",157500.0,50.0,500.0,168298.97,-10798.970000000001
Avsallar,"1+1",83500.0,47.0,800.0,94188.54,-10688.539999999994
Avsallar,"1+1",83500.0,57.0,800.0,94188.54,-10688.539999999994
Mahmutlar,"1+1",105000.0,50.0,200.0,115592.19,-10592.190000000002
Mahmutlar,"1+1",105000.0,54.0,500.0,115592.19,-10592.190000000002
Mahmutlar,"1+1",105000.0,60.0,500.0,115592.19,-10592.190000000002
Mahmutlar,"1+1",105000.0,58.0,1500.0,115592.19,-10592.190000000002
Mahmutlar,"1+1",105000.0,55.0,650.0,115592.19,-10592.190000000002
Mahmutlar,"1+1",105000.0,54.0,900.0,115592.19,-10592.190000000002
Mahmutlar,"1+1",105000.0,51.0,3200.0,115592.19,-10592.190000000002
Demirtaş,"3+1",178500.0,140.0,400.0,189000.0,-10500.0
Gazipaşa,"1+1",86000.0,55.0,1400.0,96399.06,-10399.059999999998
Oba,"1+1",122000.0,59.0,1300.0,132396.36,-10396.359999999986
Cikcilli,"1+1",107500.0,60.0,1000.0,117833.33,-10333.330000000002
Avsallar,"1+1",84000.0,65.0,600.0,94188.54,-10188.539999999994
Oba,"2+1",176000.0,85.0,2000.0,186147.54,-10147.540000000008
Oba,"4+1",283500.0,230.0,200.0,293527.78,-10027.780000000028
Tosmur,"1+1",160500.0,47.0,800.0,170152.75,-9652.75
Oba,"3+1",268000.0,146.0,1000.0,277600.0,-9600.0
Mahmutlar,"1+1",106000.0,53.0,800.0,115592.19,-9592.190000000002
Demirtaş,"1+1",85400.0,48.0,2700.0,94937.5,-9537.5
Gazipaşa,"1+1",87000.0,50.0,800.0,96399.06,-9399.059999999998
Kestel,"1+1",136500.0,61.0,200.0,145889.58,-9389.579999999987
Gazipaşa,"2+1",115500.0,118.0,4000.0,124800.0,-9300.0
Avsallar,"1+1",85000.0,58.0,1300.0,94188.54,-9188.539999999994
Türkler,"1+1",148500.0,81.0,300.0,157666.67,-9166.670000000013
Tosmur,"1+1",161000.0,70.0,250.0,170152.75,-9152.75
Kargıcak,"1+1",140000.0,46.0,100.0,149085.94,-9085.940000000002
Kargıcak,"1+1",140000.0,54.0,2500.0,149085.94,-9085.940000000002
Kargıcak,"1+1",140000.0,61.0,1700.0,149085.94,-9085.940000000002
Cikcilli,"2+1",187000.0,124.0,1500.0,195942.31,-8942.309999999998
Demirtaş,"2+1",133500.0,80.0,1300.0,142200.0,-8700.0
Mahmutlar,"3+1",257500.0,207.0,2000.0,266088.24,-8588.23999999999
Alanya(Center),"2+1",195000.0,65.0,750.0,203551.52,-8551.51999999999
Tosmur,"1+1",161805.0,48.0,800.0,170152.75,-8347.75
Alanya(Center),"1+1",160000.0,59.0,700.0,168298.97,-8298.970000000001
Avsallar,"1+1",85900.0,54.0,2000.0,94188.54,-8288.539999999994
Avsallar,"1+1",86000.0,45.0,2000.0,94188.54,-8188.539999999994
Demirtaş,"1+1",87000.0,59.0,2000.0,94937.5,-7937.5
Alanya(Center),"4+1",577500.0,170.0,1000.0,585346.15,-7846.150000000023
Alanya(Center),"4+1",577500.0,212.0,1500.0,585346.15,-7846.150000000023
Mahmutlar,"2+1",156500.0,73.0,450.0,164145.71,-7645.709999999992
Kargıcak,"2+1",231000.0,110.0,50.0,238600.0,-7600.0
Mahmutlar,"1+1",108000.0,65.0,500.0,115592.19,-7592.190000000002
Avsallar,"4+1",278500.0,220.0,800.0,286000.0,-7500.0
Oba,"1+1",125000.0,50.0,2500.0,132396.36,-7396.359999999986
Oba,"1+1",125000.0,55.0,2100.0,132396.36,-7396.359999999986
Oba,"1+1",125000.0,50.0,2000.0,132396.36,-7396.359999999986
Oba,"1+1",125000.0,51.0,3000.0,132396.36,-7396.359999999986
Cikcilli,"1+1",110500.0,65.0,800.0,117833.33,-7333.330000000002
Avsallar,"1+1",87000.0,47.0,1200.0,94188.54,-7188.539999999994
Avsallar,"1+1",87000.0,50.0,1700.0,94188.54,-7188.539999999994
Mahmutlar,"2+1",157500.0,130.0,400.0,164145.71,-6645.709999999992
Mahmutlar,"2+1",157500.0,130.0,20.0,164145.71,-6645.709999999992
Oba,"1+1",126000.0,50.0,2000.0,132396.36,-6396.359999999986
Avsallar,"1+1",88000.0,55.0,300.0,94188.54,-6188.539999999994
Kargıcak,"1+1",143000.0,55.0,1000.0,149085.94,-6085.940000000002
Payallar,"1+1",85500.0,50.0,900.0,91518.52,-6018.520000000004
Demirtaş,"1+1",89000.0,45.0,3500.0,94937.5,-5937.5
Avsallar,"2+1",126000.0,95.0,800.0,131909.09,-5909.0899999999965
Avsallar,"2+1",126000.0,105.0,250.0,131909.09,-5909.0899999999965
Avsallar,"2+1",126000.0,110.0,500.0,131909.09,-5909.0899999999965
Avsallar,"2+1",126000.0,110.0,1000.0,131909.09,-5909.0899999999965
Kestel,"1+1",140000.0,50.0,60.0,145889.58,-5889.579999999987
Demirtaş,"1+1",89200.0,70.0,700.0,94937.5,-5737.5
Alanya(Center),"2+1",198000.0,100.0,600.0,203551.52,-5551.5199999999895
Payallar,"1+1",86000.0,67.0,2800.0,91518.52,-5518.520000000004
Oba,"1+1",127000.0,56.0,3000.0,132396.36,-5396.359999999986
Payallar,"1+1",86250.0,73.0,2500.0,91518.52,-5268.520000000004
Avsallar,"1+1",89000.0,50.0,1500.0,94188.54,-5188.539999999994
Türkler,"1+1",152500.0,85.0,300.0,157666.67,-5166.670000000013
Mahmutlar,"2+1",159000.0,75.0,1300.0,164145.71,-5145.709999999992
Mahmutlar,"1+1",110500.0,55.0,200.0,115592.19,-5092.190000000002
Mahmutlar,"1+1",110500.0,75.0,800.0,115592.19,-5092.190000000002
Mahmutlar,"1+1",110500.0,51.0,400.0,115592.19,-5092.190000000002
Mahmutlar,"1+1",110500.0,70.0,250.0,115592.19,-5092.190000000002
Mahmutlar,"1+1",110500.0,65.0,1500.0,115592.19,-5092.190000000002
Mahmutlar,"1+1",110500.0,55.0,700.0,115592.19,-5092.190000000002
Demirtaş,"1+1",90000.0,65.0,2500.0,94937.5,-4937.5
Avsallar,"1+1",89500.0,57.0,2000.0,94188.54,-4688.539999999994
Oba,"2+1",181500.0,120.0,400.0,186147.54,-4647.540000000008
Okurcalar,"1+1",116000.0,47.0,100.0,120500.0,-4500.0
Avsallar,"1+1",90000.0,55.0,1000.0,94188.54,-4188.539999999994
Kargıcak,"1+1",145000.0,57.0,300.0,149085.94,-4085.9400000000023
Kargıcak,"1+1",145000.0,62.0,100.0,149085.94,-4085.9400000000023
Kargıcak,"1+1",145000.0,50.0,217.0,149085.94,-4085.9400000000023
Alanya(Center),"2+1",199500.0,110.0,700.0,203551.52,-4051.5199999999895
Alanya(Center),"2+1",199500.0,88.0,370.0,203551.52,-4051.5199999999895
Demirtaş,"1+1",91000.0,45.0,2000.0,94937.5,-3937.5
Oba,"1+1",129000.0,51.0,1300.0,132396.36,-3396.359999999986
Oba,"1+1",129000.0,55.0,2700.0,132396.36,-3396.359999999986
Oba,"1+1",129000.0,55.0,1500.0,132396.36,-3396.359999999986
Oba,"1+1",129000.0,52.0,1750.0,132396.36,-3396.359999999986
Alanya(Center),"1+1",165000.0,53.0,350.0,168298.97,-3298.970000000001
Alanya(Center),"1+1",165000.0,57.0,600.0,168298.97,-3298.970000000001
Kargıcak,"3+1",350000.0,200.0,4000.0,353267.86,-3267.859999999986
Avsallar,"1+1",91000.0,57.0,800.0,94188.54,-3188.5399999999936
Avsallar,"1+1",91000.0,55.0,650.0,94188.54,-3188.5399999999936
Avsallar,"1+1",91000.0,58.0,800.0,94188.54,-3188.5399999999936
Avsallar,"1+1",91000.0,47.0,550.0,94188.54,-3188.5399999999936
Tosmur,"2+1",163000.0,90.0,50.0,165903.23,-2903.2300000000105
Tosmur,"2+1",163000.0,130.0,400.0,165903.23,-2903.2300000000105
Alanya(Center),"1+1",165500.0,59.0,250.0,168298.97,-2798.970000000001
Alanya(Center),"3+1",375000.0,145.0,50.0,377776.32,-2776.320000000007
Kargıcak,"2+1",236000.0,103.0,300.0,238600.0,-2600.0
Oba,"1+1",130000.0,47.0,2000.0,132396.36,-2396.359999999986
Oba,"1+1",130000.0,52.0,2500.0,132396.36,-2396.359999999986
Cikcilli,"1+1",115500.0,65.0,850.0,117833.33,-2333.3300000000017
Alanya(Center),"1+1",166000.0,50.0,370.0,168298.97,-2298.970000000001
Avsallar,"1+1",92000.0,51.0,2000.0,94188.54,-2188.5399999999936
Avsallar,"1+1",92000.0,55.0,1400.0,94188.54,-2188.5399999999936
Tosmur,"1+1",168000.0,55.0,120.0,170152.75,-2152.75
Oba,"2+1",184000.0,110.0,200.0,186147.54,-2147.540000000008
Mahmutlar,"1+1",113500.0,50.0,600.0,115592.19,-2092.1900000000023
Payallar,"1+1",90000.0,56.0,2000.0,91518.52,-1518.520000000004
Gazipaşa,"1+1",95000.0,57.0,3000.0,96399.06,-1399.0599999999977
Oba,"1+1",131000.0,50.0,2000.0,132396.36,-1396.359999999986
Avsallar,"1+1",93000.0,55.0,1700.0,94188.54,-1188.5399999999936
Mahmutlar,"2+1",163000.0,69.0,500.0,164145.71,-1145.7099999999919
Mahmutlar,"2+1",163000.0,120.0,300.0,164145.71,-1145.7099999999919
Mahmutlar,"2+1",163000.0,110.0,1500.0,164145.71,-1145.7099999999919
Kestel,"3+1",220000.0,170.0,500.0,221000.0,-1000.0
Tosmur,"2+1",165000.0,89.0,550.0,165903.23,-903.2300000000105
Oba,"1+1",131500.0,50.0,2000.0,132396.36,-896.359999999986
Oba,"1+1",131500.0,50.0,2000.0,132396.36,-896.359999999986
Oba,"1+1",131500.0,70.0,100.0,132396.36,-896.359999999986
Oba,"1+1",131500.0,70.0,850.0,132396.36,-896.359999999986
Oba,"1+1",131500.0,52.0,1500.0,132396.36,-896.359999999986
Kestel,"1+1",145000.0,55.0,500.0,145889.58,-889.5799999999872
Mahmutlar,"4+1",289000.0,270.0,500.0,289800.0,-800.0
Avsallar,"1+1",93500.0,42.0,1400.0,94188.54,-688.5399999999936
Mahmutlar,"1+1",115000.0,50.0,800.0,115592.19,-592.1900000000023
Mahmutlar,"1+1",115000.0,50.0,1400.0,115592.19,-592.1900000000023
Mahmutlar,"1+1",115000.0,56.0,650.0,115592.19,-592.1900000000023
Konaklı,"1+1",152500.0,80.0,700.0,153062.5,-562.5
Okurcalar,"1+1",120000.0,55.0,450.0,120500.0,-500.0
Gazipaşa,"1+1",96000.0,43.0,700.0,96399.06,-399.0599999999977
Gazipaşa,"1+1",96000.0,43.0,750.0,96399.06,-399.0599999999977
Alanya(Center),"1+1",168000.0,55.0,450.0,168298.97,-298.97000000000116
Alanya(Center),"1+1",168000.0,60.0,250.0,168298.97,-298.97000000000116
Avsallar,"1+1",94000.0,44.0,1400.0,94188.54,-188.5399999999936
Mahmutlar,"1+1",115500.0,55.0,200.0,115592.19,-92.19000000000233
Mahmutlar,"1+1",115500.0,59.0,600.0,115592.19,-92.19000000000233
Mahmutlar,"1+1",115500.0,62.0,900.0,115592.19,-92.19000000000233
Mahmutlar,"1+1",115500.0,59.0,600.0,115592.19,-92.19000000000233
Alanya(Center),"4+2",331000.0,200.0,6000.0,331000.0,0.0
Avsallar,"3+2",400000.0,291.0,1800.0,400000.0,0.0
Cikcilli,"1+0",90000.0,35.0,800.0,90000.0,0.0
Cikcilli,"4+2",231000.0,240.0,1000.0,231000.0,0.0
Gazipaşa,"1+0",95000.0,46.0,2500.0,95000.0,0.0
Gazipaşa,"4+2",792000.0,280.0,500.0,792000.0,0.0
Kargıcak,"3+2",178500.0,175.0,400.0,178500.0,0.0
Kargıcak,"5+1",346500.0,190.0,700.0,346500.0,0.0
Kestel,"1+0",109000.0,40.0,50.0,109000.0,0.0
Kestel,"3+2",490000.0,248.0,5600.0,490000.0,0.0
Konaklı,"4+1",394000.0,170.0,200.0,394000.0,0.0
Mahmutlar,"2+2",139500.0,117.0,450.0,139500.0,0.0
Mahmutlar,"5+1",264000.0,220.0,500.0,264000.0,0.0
Oba,"5+1",178500.0,250.0,2000.0,178500.0,0.0
Okurcalar,"2+1",107000.0,65.0,230.0,107000.0,0.0
Payallar,"1+0",49500.0,36.0,2300.0,49500.0,0.0
Payallar,"3+2",309000.0,225.0,70.0,309000.0,0.0
Türkler,"3+1",325500.0,178.0,300.0,325500.0,0.0
Demirtaş,"1+1",95000.0,47.0,2300.0,94937.5,62.5
Gazipaşa,"1+1",96500.0,55.0,1700.0,96399.06,100.94000000000233
Oba,"1+1",132500.0,52.0,3000.0,132396.36,103.64000000001397
Cikcilli,"1+1",118000.0,65.0,850.0,117833.33,166.66999999999825
Alanya(Center),"3+1",378000.0,200.0,1000.0,377776.32,223.67999999999302
Avsallar,"3+1",265000.0,129.0,550.0,264750.0,250.0
Avsallar,"1+1",94500.0,46.0,1500.0,94188.54,311.4600000000064
Mahmutlar,"2+1",164500.0,126.0,1200.0,164145.71,354.29000000000815
Alanya(Center),"1+1",169000.0,65.0,1000.0,168298.97,701.0299999999988
Mahmutlar,"1+0",77000.0,45.0,350.0,76200.0,800.0
Avsallar,"1+1",95000.0,55.0,2000.0,94188.54,811.4600000000064
Mahmutlar,"2+1",165000.0,80.0,600.0,164145.71,854.2900000000081
Oba,"3+1",278500.0,142.0,750.0,277600.0,900.0
Kargıcak,"1+1",150000.0,88.0,2200.0,149085.94,914.0599999999977
Kestel,"1+1",147000.0,47.0,50.0,145889.58,1110.4200000000128
Avsallar,"1+1",95300.0,51.0,1200.0,94188.54,1111.4600000000064
Gazipaşa,"1+1",98000.0,59.0,1200.0,96399.06,1600.9400000000023
Alanya(Center),"1+1",170000.0,55.0,250.0,168298.97,1701.0299999999988
Alanya(Center),"2+1",205500.0,61.0,650.0,203551.52,1948.4800000000105
Tosmur,"2+1",168000.0,125.0,200.0,165903.23,2096.7699999999895
Kestel,"1+1",148000.0,50.0,300.0,145889.58,2110.420000000013
Avsallar,"1+1",96500.0,74.0,1700.0,94188.54,2311.4600000000064
Avsallar,"1+1",96500.0,64.0,1700.0,94188.54,2311.4600000000064
Avsallar,"1+1",96500.0,51.0,1000.0,94188.54,2311.4600000000064
Gazipaşa,"1+1",99000.0,55.0,1500.0,96399.06,2600.9400000000023
Oba,"1+1",135000.0,52.0,3000.0,132396.36,2603.640000000014
Oba,"1+1",135000.0,50.0,2000.0,132396.36,2603.640000000014
Kestel,"1+1",148500.0,55.0,400.0,145889.58,2610.420000000013
Avsallar,"1+1",97000.0,59.0,1000.0,94188.54,2811.4600000000064
Oba,"2+1",189000.0,110.0,300.0,186147.54,2852.459999999992
Oba,"2+1",189000.0,95.0,2500.0,186147.54,2852.459999999992
Kestel,"3+1",224000.0,160.0,300.0,221000.0,3000.0
Cikcilli,"2+1",199000.0,110.0,1000.0,195942.31,3057.6900000000023
Oba,"1+1",135500.0,50.0,3000.0,132396.36,3103.640000000014
Payallar,"1+1",95000.0,57.0,2500.0,91518.52,3481.479999999996
Payallar,"1+1",95000.0,57.0,1200.0,91518.52,3481.479999999996
Payallar,"1+1",95000.0,59.0,2000.0,91518.52,3481.479999999996
Cikcilli,"2+1",199500.0,110.0,2000.0,195942.31,3557.6900000000023
Gazipaşa,"1+1",100000.0,56.0,1600.0,96399.06,3600.9400000000023
Oba,"1+1",136000.0,50.0,2700.0,132396.36,3603.640000000014
Kargıcak,"3+1",357000.0,232.0,700.0,353267.86,3732.140000000014
Payallar,"2+1",110000.0,97.0,2200.0,106166.67,3833.3300000000017
Mahmutlar,"2+1",168000.0,90.0,150.0,164145.71,3854.290000000008
Kargıcak,"1+1",153000.0,50.0,150.0,149085.94,3914.0599999999977
Demirtaş,"1+1",99000.0,53.0,1500.0,94937.5,4062.5
Oba,"1+1",136500.0,54.0,500.0,132396.36,4103.640000000014
Kestel,"1+1",150000.0,50.0,2000.0,145889.58,4110.420000000013
Kestel,"5+1",325500.0,240.0,300.0,321166.67,4333.330000000016
Mahmutlar,"1+1",120000.0,51.0,3000.0,115592.19,4407.809999999998
Kestel,"1+1",150500.0,55.0,500.0,145889.58,4610.420000000013
Kestel,"2+1",215500.0,95.0,50.0,210711.54,4788.459999999992
Avsallar,"1+1",99000.0,50.0,1000.0,94188.54,4811.460000000006
Avsallar,"1+1",99000.0,55.0,700.0,94188.54,4811.460000000006
Payallar,"1+1",96500.0,65.0,2450.0,91518.52,4981.479999999996
Demirtaş,"1+1",100000.0,100.0,150.0,94937.5,5062.5
Mahmutlar,"2+1",169500.0,83.0,750.0,164145.71,5354.290000000008
Mahmutlar,"1+1",121000.0,65.0,1500.0,115592.19,5407.809999999998
Mahmutlar,"1+1",121000.0,58.0,600.0,115592.19,5407.809999999998
Alanya(Center),"2+1",209000.0,115.0,100.0,203551.52,5448.4800000000105
Gazipaşa,"1+1",102000.0,49.0,800.0,96399.06,5600.940000000002
Avsallar,"1+1",100000.0,50.0,600.0,94188.54,5811.460000000006
Oba,"3+1",283500.0,150.0,1500.0,277600.0,5900.0
Kargıcak,"1+1",155000.0,57.0,150.0,149085.94,5914.059999999998
Oba,"2+1",192500.0,115.0,2000.0,186147.54,6352.459999999992
Mahmutlar,"2+1",170500.0,100.0,150.0,164145.71,6354.290000000008
Alanya(Center),"2+1",210000.0,100.0,500.0,203551.52,6448.4800000000105
Alanya(Center),"2+1",210000.0,100.0,500.0,203551.52,6448.4800000000105
Gazipaşa,"1+1",103000.0,50.0,1700.0,96399.06,6600.940000000002
Alanya(Center),"1+1",175000.0,58.0,50.0,168298.97,6701.029999999999
Mahmutlar,"1+1",122500.0,55.0,600.0,115592.19,6907.809999999998
Alanya(Center),"3+1",385000.0,153.0,900.0,377776.32,7223.679999999993
Mahmutlar,"1+1",123000.0,46.0,2500.0,115592.19,7407.809999999998
Cikcilli,"2+1",203500.0,120.0,1500.0,195942.31,7557.690000000002
Avsallar,"1+1",102000.0,70.0,400.0,94188.54,7811.460000000006
Payallar,"1+1",99500.0,63.0,1900.0,91518.52,7981.479999999996
Gazipaşa,"1+1",104500.0,47.0,1100.0,96399.06,8100.940000000002
Kestel,"1+1",154000.0,62.0,50.0,145889.58,8110.420000000013
Mahmutlar,"1+1",124000.0,55.0,1500.0,115592.19,8407.809999999998
Kargıcak,"1+1",157500.0,56.0,300.0,149085.94,8414.059999999998
Gazipaşa,"1+1",104900.0,50.0,1400.0,96399.06,8500.940000000002
Gazipaşa,"1+1",105000.0,47.0,1200.0,96399.06,8600.940000000002
Gazipaşa,"1+1",105000.0,48.0,300.0,96399.06,8600.940000000002
Oba,"2+1",195000.0,110.0,3000.0,186147.54,8852.459999999992
Kestel,"3+1",230000.0,130.0,150.0,221000.0,9000.0
Kestel,"1+1",155000.0,43.0,800.0,145889.58,9110.420000000013
Kestel,"2+1",220000.0,120.0,250.0,210711.54,9288.459999999992
Payallar,"2+1",115500.0,100.0,1400.0,106166.67,9333.330000000002
Oba,"2+1",195500.0,120.0,850.0,186147.54,9352.459999999992
Mahmutlar,"2+1",173500.0,95.0,550.0,164145.71,9354.290000000008
Mahmutlar,"1+1",125000.0,55.0,1100.0,115592.19,9407.809999999998
Oba,"1+1",142000.0,70.0,750.0,132396.36,9603.640000000014
Avsallar,"1+1",104000.0,55.0,500.0,94188.54,9811.460000000006
Oba,"4+1",303500.0,250.0,700.0,293527.78,9972.219999999972
Türkler,"1+1",168000.0,85.0,300.0,157666.67,10333.329999999987
Demirtaş,"3+1",199500.0,130.0,700.0,189000.0,10500.0
Oba,"1+1",143000.0,58.0,2500.0,132396.36,10603.640000000014
Avsallar,"1+1",105000.0,60.0,1200.0,94188.54,10811.460000000006
Mahmutlar,"2+1",175000.0,130.0,50.0,164145.71,10854.290000000008
Mahmutlar,"2+1",175000.0,120.0,350.0,164145.71,10854.290000000008
Payallar,"1+1",102500.0,61.0,2000.0,91518.52,10981.479999999996
Kargıcak,"2+1",250000.0,131.0,310.0,238600.0,11400.0
Demirtaş,"1+1",106500.0,55.0,1300.0,94937.5,11562.5
Demirtaş,"1+1",106500.0,55.0,1300.0,94937.5,11562.5
Tosmur,"2+1",177500.0,125.0,300.0,165903.23,11596.76999999999
Kestel,"1+1",157500.0,55.0,50.0,145889.58,11610.420000000013
Alanya(Center),"1+1",180000.0,40.0,2000.0,168298.97,11701.029999999999
Alanya(Center),"1+1",180000.0,50.0,650.0,168298.97,11701.029999999999
Tosmur,"1+1",182000.0,65.0,50.0,170152.75,11847.25
Mahmutlar,"2+1",176000.0,130.0,500.0,164145.71,11854.290000000008
Alanya(Center),"2+1",215500.0,90.0,850.0,203551.52,11948.48000000001
Avsallar,"2+1",144000.0,125.0,1500.0,131909.09,12090.910000000003
Tosmur,"2+1",178500.0,120.0,250.0,165903.23,12596.76999999999
Tosmur,"3+1",378000.0,270.0,300.0,365000.0,13000.0
Mahmutlar,"1+1",129000.0,49.0,600.0,115592.19,13407.809999999998
Payallar,"1+1",105000.0,48.0,1800.0,91518.52,13481.479999999996
Cikcilli,"1+1",131500.0,55.0,800.0,117833.33,13666.669999999998
Cikcilli,"1+1",131500.0,60.0,800.0,117833.33,13666.669999999998
Mahmutlar,"1+0",90000.0,83.0,400.0,76200.0,13800.0
Avsallar,"1+1",108000.0,57.0,800.0,94188.54,13811.460000000006
Kargıcak,"1+1",163000.0,65.0,150.0,149085.94,13914.059999999998
Avsallar,"2+1",146000.0,100.0,800.0,131909.09,14090.910000000003
Oba,"1+1",146500.0,55.0,2000.0,132396.36,14103.640000000014
Kestel,"1+1",160000.0,45.0,700.0,145889.58,14110.420000000013
Kestel,"2+1",225000.0,90.0,50.0,210711.54,14288.459999999992
Mahmutlar,"2+1",178500.0,150.0,300.0,164145.71,14354.290000000008
Mahmutlar,"2+1",178500.0,90.0,500.0,164145.71,14354.290000000008
Mahmutlar,"1+1",130000.0,55.0,1500.0,115592.19,14407.809999999998
Mahmutlar,"1+1",130000.0,50.0,550.0,115592.19,14407.809999999998
Mahmutlar,"1+1",130000.0,42.0,1300.0,115592.19,14407.809999999998
Payallar,"1+1",106000.0,50.0,1000.0,91518.52,14481.479999999996
Oba,"1+1",147000.0,55.0,2800.0,132396.36,14603.640000000014
Gazipaşa,"1+1",111250.0,50.0,1000.0,96399.06,14850.940000000002
Oba,"1+1",147500.0,49.0,1100.0,132396.36,15103.640000000014
Kestel,"2+1",226000.0,105.0,60.0,210711.54,15288.459999999992
Demirtaş,"1+1",110400.0,49.0,1200.0,94937.5,15462.5
Gazipaşa,"3+1",302500.0,165.0,1000.0,287000.0,15500.0
Kestel,"3+1",236500.0,150.0,300.0,221000.0,15500.0
Oba,"1+1",148000.0,55.0,1700.0,132396.36,15603.640000000014
Alanya(Center),"1+1",184000.0,59.0,150.0,168298.97,15701.029999999999
Avsallar,"1+1",110000.0,65.0,800.0,94188.54,15811.460000000006
Avsallar,"1+1",110000.0,59.0,800.0,94188.54,15811.460000000006
Mahmutlar,"1+1",131500.0,55.0,500.0,115592.19,15907.809999999998
Mahmutlar,"1+1",131500.0,60.0,600.0,115592.19,15907.809999999998
Mahmutlar,"1+1",131500.0,53.0,900.0,115592.19,15907.809999999998
Mahmutlar,"1+1",131500.0,51.0,800.0,115592.19,15907.809999999998
Kargıcak,"1+1",165000.0,52.0,2700.0,149085.94,15914.059999999998
Avsallar,"1+1",110500.0,60.0,550.0,94188.54,16311.460000000006
Mahmutlar,"1+1",132000.0,75.0,350.0,115592.19,16407.809999999998
Mahmutlar,"1+1",132000.0,60.0,400.0,115592.19,16407.809999999998
Alanya(Center),"2+1",220000.0,74.0,350.0,203551.52,16448.48000000001
Alanya(Center),"2+1",220000.0,100.0,100.0,203551.52,16448.48000000001
Payallar,"1+1",108000.0,55.0,2000.0,91518.52,16481.479999999996
Oba,"1+1",149000.0,55.0,2300.0,132396.36,16603.640000000014
Kestel,"1+1",163000.0,55.0,200.0,145889.58,17110.420000000013
Mahmutlar,"2+1",181500.0,110.0,250.0,164145.71,17354.290000000008
Mahmutlar,"3+1",283500.0,165.0,3000.0,266088.24,17411.76000000001
Oba,"1+1",150000.0,50.0,1500.0,132396.36,17603.640000000014
Tosmur,"2+1",184000.0,105.0,50.0,165903.23,18096.76999999999
Kargıcak,"1+1",167500.0,57.0,300.0,149085.94,18414.059999999998
Payallar,"1+1",110000.0,54.0,2000.0,91518.52,18481.479999999996
Payallar,"1+1",110000.0,112.0,2000.0,91518.52,18481.479999999996
Avsallar,"4+1",304500.0,150.0,1000.0,286000.0,18500.0
Mahmutlar,"1+0",95500.0,45.0,50.0,76200.0,19300.0
Mahmutlar,"1+1",135000.0,60.0,800.0,115592.19,19407.809999999998
Avsallar,"1+1",114000.0,55.0,1000.0,94188.54,19811.460000000006
Kestel,"5+1",341000.0,240.0,250.0,321166.67,19833.330000000016
Oba,"1+1",152500.0,51.0,2000.0,132396.36,20103.640000000014
Kestel,"3+1",241500.0,230.0,300.0,221000.0,20500.0
Alanya(Center),"1+1",189000.0,57.0,150.0,168298.97,20701.03
Alanya(Center),"1+1",189000.0,52.0,400.0,168298.97,20701.03
Avsallar,"1+1",115000.0,57.0,900.0,94188.54,20811.460000000006
Avsallar,"1+1",115000.0,60.0,1200.0,94188.54,20811.460000000006
Avsallar,"1+1",115000.0,50.0,1500.0,94188.54,20811.460000000006
Mahmutlar,"1+1",136500.0,65.0,120.0,115592.19,20907.809999999998
Mahmutlar,"1+1",136500.0,65.0,600.0,115592.19,20907.809999999998
Mahmutlar,"1+1",136500.0,57.0,600.0,115592.19,20907.809999999998
Kestel,"3+1",242000.0,140.0,200.0,221000.0,21000.0
Alanya(Center),"1+1",189500.0,60.0,650.0,168298.97,21201.03
Alanya(Center),"1+1",189500.0,67.0,450.0,168298.97,21201.03
Avsallar,"1+1",115500.0,55.0,900.0,94188.54,21311.460000000006
Oba,"1+1",154000.0,55.0,2000.0,132396.36,21603.640000000014
Alanya(Center),"1+1",190000.0,62.0,600.0,168298.97,21701.03
Oba,"3+1",299500.0,250.0,250.0,277600.0,21900.0
Türkler,"1+1",180000.0,54.0,200.0,157666.67,22333.329999999987
Gazipaşa,"1+1",119000.0,51.0,2400.0,96399.06,22600.940000000002
Oba,"1+1",155000.0,67.0,550.0,132396.36,22603.640000000014
Oba,"1+1",155000.0,45.0,1800.0,132396.36,22603.640000000014
Avsallar,"1+1",117000.0,58.0,1200.0,94188.54,22811.460000000006
Oba,"2+1",209000.0,110.0,650.0,186147.54,22852.459999999992
Mahmutlar,"2+1",187000.0,80.0,650.0,164145.71,22854.290000000008
Mahmutlar,"2+1",187000.0,125.0,50.0,164145.71,22854.290000000008
Mahmutlar,"2+1",187000.0,110.0,1500.0,164145.71,22854.290000000008
Kargıcak,"1+1",172000.0,75.0,400.0,149085.94,22914.059999999998
Kestel,"1+1",169000.0,58.0,500.0,145889.58,23110.420000000013
Mahmutlar,"1+1",139000.0,50.0,450.0,115592.19,23407.809999999998
Alanya(Center),"2+1",227000.0,74.0,350.0,203551.52,23448.48000000001
Gazipaşa,"1+1",120000.0,50.0,500.0,96399.06,23600.940000000002
Avsallar,"1+1",118000.0,55.0,800.0,94188.54,23811.460000000006
Avsallar,"1+1",118000.0,48.0,1500.0,94188.54,23811.460000000006
Avsallar,"2+1",156000.0,76.0,1100.0,131909.09,24090.910000000003
Kestel,"1+1",170000.0,55.0,900.0,145889.58,24110.420000000013
Kestel,"1+1",170000.0,54.0,2300.0,145889.58,24110.420000000013
Mahmutlar,"1+1",140000.0,60.0,550.0,115592.19,24407.809999999998
Mahmutlar,"1+1",140000.0,51.0,800.0,115592.19,24407.809999999998
Kargıcak,"1+1",173500.0,65.0,50.0,149085.94,24414.059999999998
Avsallar,"1+1",119000.0,46.0,700.0,94188.54,24811.460000000006
Mahmutlar,"2+1",189000.0,132.0,400.0,164145.71,24854.290000000008
Mahmutlar,"2+1",189000.0,150.0,500.0,164145.71,24854.290000000008
Mahmutlar,"2+1",189000.0,140.0,50.0,164145.71,24854.290000000008
Mahmutlar,"2+1",189000.0,90.0,650.0,164145.71,24854.290000000008
Demirtaş,"1+1",120000.0,46.0,500.0,94937.5,25062.5
Demirtaş,"1+1",120000.0,50.0,1300.0,94937.5,25062.5
Oba,"1+1",157500.0,51.0,3000.0,132396.36,25103.640000000014
Oba,"1+1",157500.0,52.0,1500.0,132396.36,25103.640000000014
Mahmutlar,"3+1",291500.0,260.0,500.0,266088.24,25411.76000000001
Kestel,"2+1",236500.0,110.0,50.0,210711.54,25788.459999999992
Avsallar,"1+1",120000.0,50.0,2000.0,94188.54,25811.460000000006
Kargıcak,"1+1",175000.0,50.0,2500.0,149085.94,25914.059999999998
Kargıcak,"1+1",175000.0,65.0,200.0,149085.94,25914.059999999998
Alanya(Center),"1+1",194500.0,58.0,700.0,168298.97,26201.03
Alanya(Center),"1+1",194500.0,60.0,150.0,168298.97,26201.03
Türkler,"1+1",184000.0,85.0,300.0,157666.67,26333.329999999987
Alanya(Center),"2+1",230000.0,68.0,500.0,203551.52,26448.48000000001
Okurcalar,"1+1",147000.0,55.0,580.0,120500.0,26500.0
Tosmur,"2+1",192500.0,105.0,500.0,165903.23,26596.76999999999
Oba,"1+1",159000.0,44.0,450.0,132396.36,26603.640000000014
Alanya(Center),"2+1",231000.0,95.0,600.0,203551.52,27448.48000000001
Kestel,"1+1",173500.0,80.0,50.0,145889.58,27610.420000000013
Kestel,"1+1",173500.0,55.0,50.0,145889.58,27610.420000000013
Gazipaşa,"1+1",124120.0,51.0,700.0,96399.06,27720.940000000002
Mahmutlar,"2+1",192500.0,120.0,3000.0,164145.71,28354.290000000008
Mahmutlar,"2+1",192500.0,125.0,200.0,164145.71,28354.290000000008
Tosmur,"1+1",199000.0,60.0,700.0,170152.75,28847.25
Kargıcak,"1+1",178000.0,52.0,2000.0,149085.94,28914.059999999998
Kargıcak,"1+1",178000.0,58.0,100.0,149085.94,28914.059999999998
Tosmur,"4+1",373000.0,220.0,800.0,344000.0,29000.0
Gazipaşa,"2+1",154000.0,110.0,2000.0,124800.0,29200.0
Mahmutlar,"1+1",145000.0,72.0,400.0,115592.19,29407.809999999998
Mahmutlar,"1+1",145000.0,63.0,3000.0,115592.19,29407.809999999998
Alanya(Center),"1+1",198000.0,65.0,250.0,168298.97,29701.03
Alanya(Center),"1+1",198000.0,78.0,180.0,168298.97,29701.03
Alanya(Center),"1+1",198000.0,48.0,1000.0,168298.97,29701.03
Kargıcak,"1+1",179000.0,50.0,150.0,149085.94,29914.059999999998
Cikcilli,"2+1",226000.0,115.0,1500.0,195942.31,30057.690000000002
Kestel,"1+1",176000.0,42.0,750.0,145889.58,30110.420000000013
Mahmutlar,"1+1",146000.0,70.0,350.0,115592.19,30407.809999999998
Cikcilli,"1+1",148500.0,60.0,800.0,117833.33,30666.67
Alanya(Center),"1+1",199000.0,57.0,500.0,168298.97,30701.03
Kestel,"2+1",241500.0,125.0,150.0,210711.54,30788.459999999992
Avsallar,"2+1",163000.0,85.0,300.0,131909.09,31090.910000000003
Kestel,"2+1",242000.0,130.0,250.0,210711.54,31288.459999999992
Mahmutlar,"1+1",147000.0,56.0,750.0,115592.19,31407.809999999998
Tosmur,"2+1",197500.0,100.0,500.0,165903.23,31596.76999999999
Gazipaşa,"1+1",128000.0,47.0,800.0,96399.06,31600.940000000002
Alanya(Center),"1+1",200000.0,58.0,580.0,168298.97,31701.03
Avsallar,"1+1",126000.0,55.0,1200.0,94188.54,31811.460000000006
Mahmutlar,"1+1",147500.0,65.0,50.0,115592.19,31907.809999999998
Alanya(Center),"3+2",449000.0,225.0,2000.0,417000.0,32000.0
Gazipaşa,"1+1",129000.0,58.0,2200.0,96399.06,32600.940000000002
Oba,"1+1",165000.0,56.0,1600.0,132396.36,32603.640000000014
Oba,"1+1",165000.0,68.0,2000.0,132396.36,32603.640000000014
Kestel,"1+1",178500.0,55.0,50.0,145889.58,32610.420000000013
Cikcilli,"3+1",346500.0,260.0,1000.0,313875.0,32625.0
Oba,"2+1",219000.0,89.0,450.0,186147.54,32852.45999999999
Kargıcak,"3+1",386500.0,160.0,800.0,353267.86,33232.140000000014
Oba,"2+1",219500.0,98.0,800.0,186147.54,33352.45999999999
Kestel,"4+1",412500.0,200.0,70.0,378850.0,33650.0
Kestel,"1+1",180000.0,52.0,200.0,145889.58,34110.42000000001
Kestel,"2+1",245000.0,80.0,100.0,210711.54,34288.45999999999
Mahmutlar,"1+1",150000.0,52.0,1200.0,115592.19,34407.81
Alanya(Center),"2+1",238000.0,79.0,325.0,203551.52,34448.48000000001
Oba,"1+1",167000.0,58.0,2800.0,132396.36,34603.640000000014
Gazipaşa,"2+1",159500.0,120.0,700.0,124800.0,34700.0
Avsallar,"3+1",299500.0,145.0,350.0,264750.0,34750.0
Tosmur,"1+1",205000.0,55.0,120.0,170152.75,34847.25
Demirtaş,"1+1",130000.0,60.0,200.0,94937.5,35062.5
Gazipaşa,"1+1",132000.0,45.0,500.0,96399.06,35600.94
Avsallar,"1+1",130000.0,49.0,1400.0,94188.54,35811.46000000001
Mahmutlar,"2+1",200000.0,85.0,600.0,164145.71,35854.29000000001
Kargıcak,"1+1",185000.0,60.0,300.0,149085.94,35914.06
Kargıcak,"1+1",185000.0,70.0,50.0,149085.94,35914.06
Avsallar,"2+1",168000.0,90.0,1500.0,131909.09,36090.91
Alanya(Center),"2+1",239900.0,110.0,1700.0,203551.52,36348.48000000001
Alanya(Center),"2+1",240000.0,87.0,175.0,203551.52,36448.48000000001
Oba,"1+1",169000.0,65.0,3000.0,132396.36,36603.640000000014
Alanya(Center),"1+1",205000.0,74.0,450.0,168298.97,36701.03
Mahmutlar,"1+1",152500.0,70.0,200.0,115592.19,36907.81
Avsallar,"1+1",131500.0,58.0,1200.0,94188.54,37311.46000000001
Oba,"1+1",170000.0,40.0,2150.0,132396.36,37603.640000000014
Oba,"1+1",170000.0,56.0,1300.0,132396.36,37603.640000000014
Mahmutlar,"1+1",153250.0,55.0,900.0,115592.19,37657.81
Kargıcak,"4+1",600000.0,197.0,3000.0,562250.0,37750.0
Konaklı,"2+1",225000.0,130.0,50.0,187250.0,37750.0
Alanya(Center),"2+1",241500.0,90.0,1200.0,203551.52,37948.48000000001
Mahmutlar,"1+1",154000.0,49.0,500.0,115592.19,38407.81
Mahmutlar,"1+1",154000.0,60.0,250.0,115592.19,38407.81
Avsallar,"2+1",170500.0,110.0,2000.0,131909.09,38590.91
Tosmur,"1+1",209000.0,55.0,200.0,170152.75,38847.25
Oba,"2+1",225000.0,86.0,1600.0,186147.54,38852.45999999999
Mahmutlar,"1+1",155000.0,55.0,600.0,115592.19,39407.81
Tosmur,"3+1",404500.0,201.0,300.0,365000.0,39500.0
Gazipaşa,"1+1",136000.0,48.0,1800.0,96399.06,39600.94
Oba,"1+1",172000.0,51.0,2500.0,132396.36,39603.640000000014
Tosmur,"1+1",210000.0,60.0,245.0,170152.75,39847.25
Oba,"2+1",226000.0,110.0,50.0,186147.54,39852.45999999999
Kargıcak,"1+1",189000.0,67.0,50.0,149085.94,39914.06
Cikcilli,"2+1",236500.0,120.0,800.0,195942.31,40557.69
Alanya(Center),"1+1",209000.0,65.0,100.0,168298.97,40701.03
Alanya(Center),"1+1",209000.0,57.0,100.0,168298.97,40701.03
Avsallar,"1+1",135000.0,48.0,500.0,94188.54,40811.46000000001
Mahmutlar,"2+1",205000.0,73.0,50.0,164145.71,40854.29000000001
Mahmutlar,"2+1",205000.0,110.0,584.0,164145.71,40854.29000000001
Mahmutlar,"1+1",157000.0,55.0,250.0,115592.19,41407.81
Cikcilli,"1+1",159500.0,65.0,1700.0,117833.33,41666.67
Alanya(Center),"1+1",210000.0,60.0,370.0,168298.97,41701.03
Alanya(Center),"1+1",210000.0,55.0,150.0,168298.97,41701.03
Mahmutlar,"1+1",157500.0,68.0,600.0,115592.19,41907.81
Mahmutlar,"1+1",157500.0,70.0,400.0,115592.19,41907.81
Mahmutlar,"1+1",157500.0,82.0,400.0,115592.19,41907.81
Avsallar,"1+1",136400.0,51.0,900.0,94188.54,42211.46000000001
Alanya(Center),"3+1",420000.0,230.0,400.0,377776.32,42223.67999999999
Oba,"1+1",175000.0,51.0,2000.0,132396.36,42603.640000000014
Konaklı,"2+1",230000.0,110.0,250.0,187250.0,42750.0
Tosmur,"2+1",209000.0,100.0,50.0,165903.23,43096.76999999999
Tosmur,"2+1",209000.0,100.0,500.0,165903.23,43096.76999999999
Mahmutlar,"1+1",159000.0,46.0,500.0,115592.19,43407.81
Kestel,"1+1",190000.0,47.0,50.0,145889.58,44110.42000000001
Payallar,"1+1",135750.0,56.0,2500.0,91518.52,44231.479999999996
Kestel,"2+1",255000.0,124.0,50.0,210711.54,44288.45999999999
Mahmutlar,"1+1",160000.0,47.0,700.0,115592.19,44407.81
Payallar,"1+1",136500.0,55.0,650.0,91518.52,44981.479999999996
Cikcilli,"1+1",163000.0,45.0,1800.0,117833.33,45166.67
Avsallar,"1+1",140000.0,65.0,950.0,94188.54,45811.46000000001
Mahmutlar,"2+1",210000.0,130.0,1500.0,164145.71,45854.29000000001
Mahmutlar,"2+1",210000.0,125.0,50.0,164145.71,45854.29000000001
Cikcilli,"2+1",242000.0,110.0,1000.0,195942.31,46057.69
Oba,"1+1",178500.0,70.0,1000.0,132396.36,46103.640000000014
Mahmutlar,"1+1",162000.0,60.0,0.0,115592.19,46407.81
Alanya(Center),"1+1",215000.0,67.0,600.0,168298.97,46701.03
Mahmutlar,"2+1",211500.0,140.0,500.0,164145.71,47354.29000000001
Payallar,"1+1",139000.0,65.0,700.0,91518.52,47481.479999999996
Oba,"1+1",180000.0,45.0,3500.0,132396.36,47603.640000000014
Kargıcak,"1+1",198000.0,62.0,100.0,149085.94,48914.06
Oba,"1+1",181500.0,55.0,460.0,132396.36,49103.640000000014
Kestel,"1+1",195000.0,50.0,250.0,145889.58,49110.42000000001
Avsallar,"3+1",314000.0,144.0,1500.0,264750.0,49250.0
Kargıcak,"1+1",198500.0,65.0,50.0,149085.94,49414.06
Alanya(Center),"1+1",218000.0,67.0,600.0,168298.97,49701.03
Mahmutlar,"2+1",214500.0,110.0,500.0,164145.71,50354.29000000001
Mahmutlar,"2+1",214500.0,115.0,50.0,164145.71,50354.29000000001
Cikcilli,"2+1",247000.0,120.0,700.0,195942.31,51057.69
Demirtaş,"1+1",146000.0,60.0,400.0,94937.5,51062.5
Kestel,"1+1",197000.0,55.0,250.0,145889.58,51110.42000000001
Mahmutlar,"2+1",215500.0,105.0,700.0,164145.71,51354.29000000001
Mahmutlar,"2+1",215500.0,142.0,400.0,164145.71,51354.29000000001
Alanya(Center),"1+1",220000.0,50.0,150.0,168298.97,51701.03
Kargıcak,"3+1",405000.0,160.0,100.0,353267.86,51732.140000000014
Kestel,"2+1",262500.0,110.0,100.0,210711.54,51788.45999999999
Alanya(Center),"1+1",220500.0,50.0,150.0,168298.97,52201.03
Oba,"3+1",330000.0,150.0,50.0,277600.0,52400.0
Oba,"1+1",185000.0,45.0,1200.0,132396.36,52603.640000000014
Alanya(Center),"3+1",430500.0,165.0,150.0,377776.32,52723.67999999999
Alanya(Center),"3+1",430500.0,140.0,50.0,377776.32,52723.67999999999
Kestel,"2+1",264000.0,168.0,100.0,210711.54,53288.45999999999
Mahmutlar,"1+1",169500.0,57.0,10.0,115592.19,53907.81
Alanya(Center),"2+1",257500.0,90.0,200.0,203551.52,53948.48000000001
Kestel,"1+1",200200.0,44.0,230.0,145889.58,54310.42000000001
Mahmutlar,"2+1",218500.0,100.0,50.0,164145.71,54354.29000000001
Mahmutlar,"1+1",170000.0,57.0,50.0,115592.19,54407.81
Oba,"1+1",187500.0,57.0,1400.0,132396.36,55103.640000000014
Oba,"2+1",241500.0,90.0,800.0,186147.54,55352.45999999999
Avsallar,"5+1",242000.0,180.0,500.0,186166.67,55833.32999999999
Mahmutlar,"2+1",220000.0,110.0,50.0,164145.71,55854.29000000001
Mahmutlar,"2+1",220500.0,86.0,50.0,164145.71,56354.29000000001
Mahmutlar,"1+1",173500.0,60.0,600.0,115592.19,57907.81
Türkler,"2+1",304500.0,195.0,300.0,246250.0,58250.0
Mahmutlar,"2+1",223000.0,115.0,25.0,164145.71,58854.29000000001
Mahmutlar,"1+1",175000.0,55.0,50.0,115592.19,59407.81
Kargıcak,"1+1",209000.0,62.0,30.0,149085.94,59914.06
Kargıcak,"2+1",299000.0,110.0,1750.0,238600.0,60400.0
Mahmutlar,"2+1",225000.0,102.0,700.0,164145.71,60854.29000000001
Kargıcak,"1+1",210000.0,70.0,50.0,149085.94,60914.06
Mahmutlar,"2+1",226000.0,135.0,50.0,164145.71,61854.29000000001
Mahmutlar,"4+1",352000.0,256.0,400.0,289800.0,62200.0
Alanya(Center),"3+1",440000.0,180.0,1700.0,377776.32,62223.67999999999
Alanya(Center),"3+1",440000.0,140.0,4500.0,377776.32,62223.67999999999
Oba,"3+1",340000.0,152.0,2400.0,277600.0,62400.0
Avsallar,"2+1",195000.0,98.0,800.0,131909.09,63090.91
Avsallar,"1+1",158000.0,47.0,800.0,94188.54,63811.46000000001
Cikcilli,"2+1",260000.0,100.0,800.0,195942.31,64057.69
Alanya(Center),"2+1",268000.0,100.0,200.0,203551.52,64448.48000000001
Alanya(Center),"1+1",233000.0,54.0,50.0,168298.97,64701.03
Avsallar,"1+1",159000.0,50.0,700.0,94188.54,64811.46000000001
Mahmutlar,"2+1",229000.0,120.0,400.0,164145.71,64854.29000000001
Mahmutlar,"1+1",181500.0,68.0,500.0,115592.19,65907.81
Cikcilli,"2+1",262500.0,85.0,1500.0,195942.31,66557.69
Oba,"1+1",199000.0,60.0,400.0,132396.36,66603.64000000001
Alanya(Center),"1+1",235000.0,56.0,50.0,168298.97,66701.03
Kargıcak,"3+1",420000.0,170.0,150.0,353267.86,66732.14000000001
Mahmutlar,"2+1",231000.0,110.0,50.0,164145.71,66854.29000000001
Mahmutlar,"2+1",231000.0,140.0,1500.0,164145.71,66854.29000000001
Avsallar,"2+1",199000.0,110.0,950.0,131909.09,67090.91
Mahmutlar,"1+1",183000.0,53.0,700.0,115592.19,67407.81
Alanya(Center),"1+1",237000.0,69.0,150.0,168298.97,68701.03
Türkler,"2+1",315000.0,120.0,300.0,246250.0,68750.0
Konaklı,"2+1",256500.0,105.0,300.0,187250.0,69250.0
Kargıcak,"1+1",220000.0,84.0,3000.0,149085.94,70914.06
Kargıcak,"1+1",220000.0,55.0,30.0,149085.94,70914.06
Alanya(Center),"1+1",239500.0,43.0,520.0,168298.97,71201.03
Mahmutlar,"1+1",187000.0,97.0,600.0,115592.19,71407.81
Alanya(Center),"1+1",240000.0,50.0,450.0,168298.97,71701.03
Kargıcak,"3+1",425000.0,209.0,2000.0,353267.86,71732.14000000001
Mahmutlar,"2+1",236500.0,140.0,50.0,164145.71,72354.29000000001
Kestel,"4+1",451500.0,170.0,50.0,378850.0,72650.0
Mahmutlar,"1+1",189000.0,72.0,400.0,115592.19,73407.81
Mahmutlar,"2+1",239000.0,115.0,50.0,164145.71,74854.29000000001
Tosmur,"2+1",241500.0,120.0,300.0,165903.23,75596.76999999999
Cikcilli,"4+1",378000.0,220.0,1500.0,302000.0,76000.0
Alanya(Center),"1+1",245000.0,54.0,20.0,168298.97,76701.03
Cikcilli,"2+1",275000.0,180.0,800.0,195942.31,79057.69
Kargıcak,"2+1",319000.0,135.0,1300.0,238600.0,80400.0
Konaklı,"3+1",420000.0,220.0,1000.0,339600.0,80400.0
Mahmutlar,"1+1",196500.0,55.0,50.0,115592.19,80907.81
Tosmur,"1+1",252000.0,60.0,245.0,170152.75,81847.25
Alanya(Center),"2+1",286000.0,117.0,300.0,203551.52,82448.48000000001
Tosmur,"2+1",252000.0,120.0,600.0,165903.23,86096.76999999999
Kargıcak,"3+1",441000.0,200.0,1500.0,353267.86,87732.14000000001
Mahmutlar,"2+1",252000.0,117.0,200.0,164145.71,87854.29000000001
Kestel,"2+1",299000.0,102.0,30.0,210711.54,88288.45999999999
Mahmutlar,"1+1",205000.0,55.0,50.0,115592.19,89407.81
Kargıcak,"1+1",239000.0,60.0,550.0,149085.94,89914.06
Mahmutlar,"2+1",255000.0,90.0,450.0,164145.71,90854.29000000001
Kargıcak,"1+1",240000.0,48.0,70.0,149085.94,90914.06
Kargıcak,"1+1",240000.0,65.0,50.0,149085.94,90914.06
Oba,"4+1",385000.0,220.0,800.0,293527.78,91472.21999999997
Kargıcak,"3+1",445000.0,240.0,1500.0,353267.86,91732.14000000001
Kestel,"1+1",239000.0,60.0,50.0,145889.58,93110.42000000001
Tosmur,"1+1",264000.0,59.0,245.0,170152.75,93847.25
Kestel,"3+1",315000.0,160.0,50.0,221000.0,94000.0
Kestel,"1+1",240000.0,60.0,700.0,145889.58,94110.42000000001
Mahmutlar,"1+1",210000.0,55.0,50.0,115592.19,94407.81
Tosmur,"3+1",460000.0,161.0,50.0,365000.0,95000.0
Mahmutlar,"4+1",385000.0,250.0,250.0,289800.0,95200.0
Tosmur,"1+1",265500.0,58.0,245.0,170152.75,95347.25
Kargıcak,"1+1",245000.0,60.0,1200.0,149085.94,95914.06
Mahmutlar,"1+1",212000.0,58.0,100.0,115592.19,96407.81
Kargıcak,"3+1",450000.0,220.0,4000.0,353267.86,96732.14000000001
Konaklı,"1+1",250000.0,67.0,300.0,153062.5,96937.5
Mahmutlar,"2+1",262500.0,130.0,50.0,164145.71,98354.29000000001
Demirtaş,"2+1",241500.0,110.0,500.0,142200.0,99300.0
Avsallar,"1+1",193500.0,63.0,800.0,94188.54,99311.46
Mahmutlar,"2+1",264000.0,133.0,150.0,164145.71,99854.29000000001
Mahmutlar,"3+1",367500.0,201.0,600.0,266088.24,101411.76000000001
Mahmutlar,"3+1",367500.0,186.0,1500.0,266088.24,101411.76000000001
Mahmutlar,"3+1",367500.0,185.0,250.0,266088.24,101411.76000000001
Türkler,"1+1",260000.0,72.0,300.0,157666.67,102333.32999999999
Oba,"1+1",235000.0,55.0,300.0,132396.36,102603.64000000001
Oba,"1+1",235000.0,55.0,2500.0,132396.36,102603.64000000001
Konaklı,"2+1",290000.0,91.0,300.0,187250.0,102750.0
Oba,"2+1",290000.0,130.0,2500.0,186147.54,103852.45999999999
Alanya(Center),"2+1",310000.0,103.0,700.0,203551.52,106448.48000000001
Oba,"3+1",385000.0,150.0,460.0,277600.0,107400.0
Oba,"1+1",240000.0,59.0,280.0,132396.36,107603.64000000001
Oba,"1+1",240000.0,65.0,350.0,132396.36,107603.64000000001
Kargıcak,"2+1",346500.0,120.0,200.0,238600.0,107900.0
Alanya(Center),"1+1",278000.0,64.0,850.0,168298.97,109701.03
Alanya(Center),"2+1",315000.0,120.0,50.0,203551.52,111448.48000000001
Alanya(Center),"2+1",315000.0,79.0,1800.0,203551.52,111448.48000000001
Mahmutlar,"3+1",378000.0,220.0,200.0,266088.24,111911.76000000001
Kargıcak,"2+1",352000.0,92.0,310.0,238600.0,113400.0
Oba,"2+1",300000.0,110.0,1700.0,186147.54,113852.45999999999
Cikcilli,"2+1",310000.0,94.0,1500.0,195942.31,114057.69
Konaklı,"1+1",268000.0,55.0,700.0,153062.5,114937.5
Alanya(Center),"3+1",495000.0,175.0,300.0,377776.32,117223.68
Oba,"1+1",250000.0,65.0,350.0,132396.36,117603.64000000001
Mahmutlar,"2+1",286000.0,86.0,250.0,164145.71,121854.29000000001
Oba,"1+1",255000.0,47.0,50.0,132396.36,122603.64000000001
Alanya(Center),"1+1",292000.0,50.0,1300.0,168298.97,123701.03
Avsallar,"1+1",219000.0,49.0,350.0,94188.54,124811.46
Kargıcak,"1+1",275000.0,63.0,30.0,149085.94,125914.06
Cikcilli,"3+1",440000.0,150.0,1900.0,313875.0,126125.0
Oba,"3+1",404500.0,140.0,850.0,277600.0,126900.0
Oba,"1+1",260000.0,55.0,50.0,132396.36,127603.64000000001
Kargıcak,"4+1",690000.0,180.0,50.0,562250.0,127750.0
Oba,"1+1",260500.0,53.0,400.0,132396.36,128103.64000000001
Oba,"2+1",318000.0,163.0,900.0,186147.54,131852.46
Oba,"2+1",320000.0,110.0,200.0,186147.54,133852.46
Oba,"2+1",320500.0,110.0,850.0,186147.54,134352.46
Mahmutlar,"2+1",299000.0,145.0,120.0,164145.71,134854.29
Mahmutlar,"2+1",299500.0,130.0,50.0,164145.71,135354.29
Kargıcak,"2+1",374000.0,110.0,30.0,238600.0,135400.0
Mahmutlar,"3+1",401500.0,175.0,400.0,266088.24,135411.76
Mahmutlar,"1+1",253000.0,55.0,50.0,115592.19,137407.81
Mahmutlar,"2+1",304500.0,135.0,50.0,164145.71,140354.29
Mahmutlar,"2+1",304500.0,90.0,20.0,164145.71,140354.29
Mahmutlar,"2+1",304500.0,138.0,350.0,164145.71,140354.29
Avsallar,"1+1",235000.0,55.0,800.0,94188.54,140811.46000000002
Alanya(Center),"3+1",525000.0,181.0,3500.0,377776.32,147223.68
Alanya(Center),"3+1",525000.0,270.0,3800.0,377776.32,147223.68
Alanya(Center),"3+1",525000.0,280.0,4000.0,377776.32,147223.68
Mahmutlar,"2+1",315000.0,103.0,120.0,164145.71,150854.29
Mahmutlar,"2+1",315000.0,90.0,50.0,164145.71,150854.29
Türkler,"2+1",399000.0,157.0,300.0,246250.0,152750.0
Mahmutlar,"1+1",269500.0,63.0,50.0,115592.19,153907.81
Tosmur,"2+1",321000.0,110.0,200.0,165903.23,155096.77
Kargıcak,"4+1",719500.0,250.0,2000.0,562250.0,157250.0
Kestel,"1+1",305000.0,55.0,50.0,145889.58,159110.42
Tosmur,"3+1",525000.0,180.0,50.0,365000.0,160000.0
Oba,"2+1",346500.0,110.0,200.0,186147.54,160352.46
Oba,"3+2",466000.0,210.0,150.0,304166.67,161833.33000000002
Oba,"3+1",441000.0,209.0,200.0,277600.0,163400.0
Alanya(Center),"4+1",749000.0,245.0,4000.0,585346.15,163653.84999999998
Oba,"2+1",350000.0,95.0,50.0,186147.54,163852.46
Tosmur,"2+1",330000.0,110.0,50.0,165903.23,164096.77
Mahmutlar,"1+1",280000.0,61.0,50.0,115592.19,164407.81
Mahmutlar,"3+1",430500.0,190.0,600.0,266088.24,164411.76
Mahmutlar,"2+1",330500.0,73.0,50.0,164145.71,166354.29
Kargıcak,"3+1",524000.0,250.0,3000.0,353267.86,170732.14
Oba,"3+1",450000.0,134.0,200.0,277600.0,172400.0
Oba,"3+1",450000.0,140.0,400.0,277600.0,172400.0
Alanya(Center),"2+1",376000.0,95.0,1500.0,203551.52,172448.48
Alanya(Center),"1+1",342000.0,55.0,150.0,168298.97,173701.03
Oba,"2+1",362500.0,128.0,350.0,186147.54,176352.46
Mahmutlar,"2+1",352000.0,112.0,250.0,164145.71,187854.29
Alanya(Center),"3+1",570000.0,218.0,2000.0,377776.32,192223.68
Alanya(Center),"2+1",399000.0,107.0,400.0,203551.52,195448.48
Oba,"1+1",328000.0,65.0,750.0,132396.36,195603.64
Kargıcak,"1+1",350000.0,56.0,500.0,149085.94,200914.06
Oba,"1+1",335000.0,51.0,1800.0,132396.36,202603.64
Mahmutlar,"2+1",367500.0,132.0,400.0,164145.71,203354.29
Avsallar,"3+1",472500.0,220.0,1000.0,264750.0,207750.0
Mahmutlar,"2+1",374000.0,216.0,20.0,164145.71,209854.29
Cikcilli,"2+1",409000.0,110.0,900.0,195942.31,213057.69
Alanya(Center),"3+1",598500.0,251.0,3500.0,377776.32,220723.68
Kargıcak,"2+1",460000.0,141.0,200.0,238600.0,221400.0
Alanya(Center),"3+1",600000.0,156.0,3000.0,377776.32,222223.68
Oba,"2+1",409500.0,75.0,50.0,186147.54,223352.46
Alanya(Center),"1+1",403000.0,50.0,500.0,168298.97,234701.03
Mahmutlar,"1+1",359000.0,70.0,50.0,115592.19,243407.81
Cikcilli,"3+1",560000.0,180.0,750.0,313875.0,246125.0
Alanya(Center),"1+1",420000.0,51.0,500.0,168298.97,251701.03
Tosmur,"3+1",630000.0,165.0,50.0,365000.0,265000.0
Alanya(Center),"1+1",435000.0,51.0,500.0,168298.97,266701.03
Kargıcak,"3+1",630000.0,170.0,5000.0,353267.86,276732.14
Oba,"3+1",556500.0,145.0,200.0,277600.0,278900.0
Alanya(Center),"4+1",866500.0,290.0,4000.0,585346.15,281153.85
Oba,"4+1",576500.0,200.0,4000.0,293527.78,282972.22
Mahmutlar,"4+1",577500.0,265.0,600.0,289800.0,287700.0
Kestel,"2+1",500000.0,120.0,50.0,210711.54,289288.45999999996
Mahmutlar,"3+2",651000.0,240.0,150.0,356333.33,294666.67
Kargıcak,"4+2",1190000.0,235.0,4500.0,895000.0,295000.0
Mahmutlar,"4+1",586000.0,183.0,500.0,289800.0,296200.0
Kargıcak,"3+1",650000.0,220.0,2000.0,353267.86,296732.14
Mahmutlar,"2+1",467500.0,120.0,50.0,164145.71,303354.29000000004
Mahmutlar,"2+1",472500.0,120.0,50.0,164145.71,308354.29000000004
Oba,"2+1",495000.0,100.0,200.0,186147.54,308852.45999999996
Kargıcak,"3+1",672000.0,240.0,3500.0,353267.86,318732.14
Mahmutlar,"3+1",609000.0,250.0,900.0,266088.24,342911.76
Gazipaşa,"3+1",630000.0,250.0,200.0,287000.0,343000.0
Tosmur,"3+1",715000.0,296.0,100.0,365000.0,350000.0
Konaklı,"3+1",695000.0,200.0,500.0,339600.0,355400.0
Oba,"4+1",650000.0,200.0,4350.0,293527.78,356472.22
Alanya(Center),"3+1",751000.0,110.0,500.0,377776.32,373223.68
Oba,"3+1",660000.0,200.0,5000.0,277600.0,382400.0
Oba,"4+1",690000.0,275.0,8000.0,293527.78,396472.22
Mahmutlar,"2+1",575000.0,110.0,400.0,164145.71,410854.29000000004
Alanya(Center),"4+1",1000000.0,270.0,3000.0,585346.15,414653.85
Alanya(Center),"5+1",1100000.0,260.0,3000.0,677500.0,422500.0
Alanya(Center),"2+1",650000.0,92.0,240.0,203551.52,446448.48
Alanya(Center),"2+1",690000.0,248.0,3500.0,203551.52,486448.48
Kargıcak,"4+1",1050000.0,290.0,2000.0,562250.0,487750.0
Mahmutlar,"3+1",775000.0,165.0,3000.0,266088.24,508911.76
Mahmutlar,"3+1",775000.0,200.0,3000.0,266088.24,508911.76
Alanya(Center),"3+1",940000.0,226.0,3900.0,377776.32,562223.6799999999
Kargıcak,"4+1",1200000.0,272.0,3500.0,562250.0,637750.0
Kestel,"4+1",1200000.0,236.0,2500.0,378850.0,821150.0
Alanya(Center),"4+1",1500000.0,298.0,3000.0,585346.15,914653.85
