price_€,rooms,area_sq_m,district,distance_to_sea_m,pr_per_sq_m,class
140000.0,2+1,100.0,Alanya(Center),550.0,1400.0,comfort
82500.0,1+1,50.0,Alanya(Center),550.0,1650.0,comfort
157500.0,1+1,68.0,Mahmutlar,600.0,2316.176470588235,comfort
86000.0,1+1,55.0,Kestel,627.0,1563.6363636363635,comfort
74000.0,1+1,55.0,Mahmutlar,1500.0,1345.4545454545455,comfort
77500.0,1+1,50.0,Kargıcak,200.0,1550.0,comfort
350000.0,3+1,200.0,Kargıcak,4000.0,1750.0,comfort
157500.0,3+1,197.0,Avsallar,800.0,799.4923857868021,econom
147000.0,2+1,125.0,Tosmur,700.0,1176.0,econom
178500.0,5+1,250.0,Oba,2000.0,714.0,econom
304500.0,2+1,135.0,Mahmutlar,50.0,2255.555555555556,comfort
91000.0,1+1,50.0,Oba,2700.0,1820.0,comfort
315000.0,2+1,120.0,Türkler,300.0,2625.0,lux
252000.0,1+1,60.0,Tosmur,245.0,4200.0,lux
220500.0,1+1,50.0,Alanya(Center),150.0,4410.0,lux
189000.0,1+1,57.0,Alanya(Center),150.0,3315.7894736842104,lux
260000.0,1+1,55.0,Oba,50.0,4727.272727272727,lux
229000.0,2+1,120.0,Mahmutlar,400.0,1908.3333333333333,comfort
420000.0,3+1,230.0,Alanya(Center),400.0,1826.0869565217392,comfort
445000.0,3+1,240.0,Kargıcak,1500.0,1854.1666666666667,comfort
102000.0,2+1,110.0,Alanya(Center),400.0,927.2727272727273,econom
110500.0,1+1,65.0,Alanya(Center),250.0,1700.0,comfort
129000.0,1+1,51.0,Oba,1300.0,2529.4117647058824,lux
105000.0,2+1,97.0,Avsallar,1500.0,1082.4742268041236,econom
650000.0,2+1,92.0,Alanya(Center),240.0,7065.217391304348,lux
145000.0,1+1,72.0,Mahmutlar,400.0,2013.888888888889,comfort
75000.0,1+1,75.0,Kestel,150.0,1000.0,econom
72000.0,1+1,57.0,Mahmutlar,800.0,1263.157894736842,econom
75000.0,1+1,54.0,Gazipaşa,2000.0,1388.888888888889,comfort
152500.0,1+1,85.0,Türkler,300.0,1794.1176470588234,comfort
146000.0,2+1,100.0,Avsallar,800.0,1460.0,comfort
121000.0,2+1,140.0,Mahmutlar,350.0,864.2857142857143,econom
88000.0,2+1,125.0,Mahmutlar,350.0,704.0,econom
178500.0,3+2,175.0,Kargıcak,400.0,1020.0,econom
106000.0,1+1,55.0,Oba,2000.0,1927.2727272727277,comfort
126000.0,1+1,45.0,Alanya(Center),600.0,2800.0,lux
140000.0,1+1,55.0,Tosmur,300.0,2545.454545454545,lux
239000.0,2+1,115.0,Mahmutlar,50.0,2078.260869565217,comfort
215500.0,2+1,105.0,Mahmutlar,700.0,2052.3809523809523,comfort
115500.0,2+1,100.0,Cikcilli,1200.0,1155.0,econom
140000.0,2+1,105.0,Mahmutlar,350.0,1333.3333333333333,comfort
220500.0,2+1,86.0,Mahmutlar,50.0,2563.953488372093,lux
72000.0,1+1,57.0,Mahmutlar,800.0,1263.157894736842,econom
205000.0,2+1,73.0,Mahmutlar,50.0,2808.219178082192,lux
86000.0,1+1,65.0,Kestel,600.0,1323.076923076923,comfort
72000.0,1+1,48.0,Mahmutlar,750.0,1500.0,comfort
210000.0,3+1,137.0,Oba,3500.0,1532.846715328467,comfort
70000.0,1+1,50.0,Avsallar,1500.0,1400.0,comfort
126000.0,3+1,130.0,Kargıcak,2000.0,969.2307692307692,econom
226000.0,3+1,110.0,Alanya(Center),150.0,2054.5454545454545,comfort
576500.0,4+1,200.0,Oba,4000.0,2882.5,lux
58000.0,1+1,55.0,Gazipaşa,2200.0,1054.5454545454545,econom
63500.0,1+1,50.0,Payallar,2000.0,1270.0,econom
63500.0,1+1,60.0,Payallar,2000.0,1058.3333333333333,econom
68500.0,1+1,50.0,Avsallar,1200.0,1370.0,comfort
314000.0,3+1,170.0,Kargıcak,100.0,1847.058823529412,comfort
367500.0,4+1,225.0,Kargıcak,500.0,1633.3333333333333,comfort
110500.0,2+1,101.0,Mahmutlar,1200.0,1094.0594059405942,econom
147000.0,2+1,80.0,Alanya(Center),650.0,1837.5,comfort
72000.0,1+1,55.0,Mahmutlar,1300.0,1309.090909090909,comfort
89000.0,1+1,55.0,Cikcilli,1800.0,1618.1818181818182,comfort
91000.0,1+1,55.0,Cikcilli,1800.0,1654.5454545454545,comfort
215000.0,2+1,147.0,Kargıcak,700.0,1462.5850340136055,comfort
96500.0,1+1,70.0,Kestel,100.0,1378.571428571429,comfort
132500.0,1+1,45.0,Kestel,50.0,2944.4444444444443,lux
102000.0,2+1,85.0,Oba,2500.0,1200.0,econom
142000.0,2+1,120.0,Oba,850.0,1183.3333333333333,econom
184000.0,4+1,160.0,Mahmutlar,350.0,1150.0,econom
278500.0,4+1,220.0,Avsallar,800.0,1265.909090909091,econom
290000.0,3+1,122.0,Alanya(Center),1500.0,2377.0491803278687,comfort
76000.0,1+1,55.0,Oba,300.0,1381.8181818181818,comfort
95500.0,1+1,65.0,Cikcilli,1500.0,1469.2307692307693,comfort
157500.0,2+1,109.0,Alanya(Center),1300.0,1444.954128440367,comfort
241500.0,3+1,163.0,Mahmutlar,100.0,1481.5950920245398,comfort
168000.0,1+1,55.0,Alanya(Center),450.0,3054.5454545454545,lux
176500.0,3+1,150.0,Kargıcak,2000.0,1176.6666666666667,econom
69800.0,1+1,60.0,Oba,3000.0,1163.3333333333333,econom
152500.0,2+1,105.0,Mahmutlar,600.0,1452.3809523809523,comfort
110500.0,1+1,55.0,Mahmutlar,200.0,2009.090909090909,comfort
215500.0,2+1,95.0,Kestel,50.0,2268.4210526315787,comfort
126000.0,2+1,130.0,Mahmutlar,650.0,969.2307692307692,econom
75000.0,1+1,60.0,Mahmutlar,400.0,1250.0,econom
70000.0,1+1,55.0,Kargıcak,300.0,1272.7272727272727,econom
310000.0,3+1,170.0,Kargıcak,600.0,1823.5294117647056,comfort
102000.0,1+1,75.0,Cikcilli,850.0,1360.0,comfort
102000.0,1+1,70.0,Mahmutlar,800.0,1457.142857142857,comfort
178500.0,2+1,129.0,Türkler,300.0,1383.7209302325582,comfort
168000.0,3+1,145.0,Oba,3000.0,1158.6206896551723,econom
84000.0,1+1,65.0,Avsallar,600.0,1292.3076923076924,econom
157500.0,2+1,110.0,Kestel,100.0,1431.8181818181818,comfort
180000.0,2+1,110.0,Kestel,500.0,1636.3636363636365,comfort
147000.0,1+1,47.0,Kestel,50.0,3127.659574468085,lux
135500.0,1+1,45.0,Konaklı,700.0,3011.1111111111118,lux
199500.0,2+1,105.0,Kestel,50.0,1900.0,comfort
86000.0,1+1,48.0,Alanya(Center),300.0,1791.6666666666667,comfort
105000.0,1+1,50.0,Mahmutlar,200.0,2100.0,comfort
119000.0,1+1,55.0,Oba,100.0,2163.6363636363635,comfort
93000.0,1+1,70.0,Kestel,300.0,1328.571428571429,comfort
88000.0,1+1,50.0,Mahmutlar,400.0,1760.0,comfort
80500.0,1+1,56.0,Kestel,130.0,1437.5,comfort
80500.0,1+1,60.0,Mahmutlar,600.0,1341.6666666666667,comfort
235000.0,1+1,56.0,Alanya(Center),50.0,4196.428571428572,lux
74000.0,1+1,50.0,Mahmutlar,650.0,1480.0,comfort
194500.0,4+1,200.0,Oba,1200.0,972.5,econom
315000.0,3+1,160.0,Alanya(Center),400.0,1968.75,comfort
147000.0,2+1,110.0,Cikcilli,1500.0,1336.3636363636365,comfort
210000.0,3+1,165.0,Mahmutlar,150.0,1272.7272727272727,econom
175000.0,1+1,55.0,Mahmutlar,50.0,3181.818181818182,lux
80500.0,1+1,55.0,Mahmutlar,400.0,1463.6363636363635,comfort
70000.0,1+1,50.0,Oba,2000.0,1400.0,comfort
91000.0,1+1,57.0,Avsallar,800.0,1596.491228070175,comfort
82500.0,1+1,55.0,Mahmutlar,400.0,1500.0,comfort
143000.0,2+1,81.0,Alanya(Center),450.0,1765.432098765432,comfort
148000.0,4+1,200.0,Oba,400.0,740.0,econom
173500.0,3+1,165.0,Mahmutlar,150.0,1051.5151515151515,econom
79500.0,1+1,47.0,Oba,4000.0,1691.4893617021276,comfort
225000.0,2+1,130.0,Konaklı,50.0,1730.7692307692307,comfort
1000000.0,4+1,270.0,Alanya(Center),3000.0,3703.703703703704,lux
241500.0,4+1,255.0,Mahmutlar,1500.0,947.0588235294116,econom
178500.0,3+1,140.0,Demirtaş,400.0,1275.0,econom
55000.0,1+1,40.0,Avsallar,1400.0,1375.0,comfort
68500.0,1+1,50.0,Gazipaşa,2300.0,1370.0,comfort
75000.0,1+1,50.0,Kargıcak,300.0,1500.0,comfort
175000.0,1+1,58.0,Alanya(Center),50.0,3017.2413793103447,lux
105000.0,1+1,60.0,Kestel,30.0,1750.0,comfort
100000.0,1+1,60.0,Oba,900.0,1666.6666666666667,comfort
255000.0,2+1,124.0,Kestel,50.0,2056.451612903226,comfort
73500.0,1+1,55.0,Demirtaş,1200.0,1336.3636363636365,comfort
121000.0,2+1,100.0,Alanya(Center),800.0,1210.0,econom
83500.0,1+1,47.0,Avsallar,800.0,1776.595744680851,comfort
104000.0,2+1,95.0,Mahmutlar,350.0,1094.7368421052631,econom
556500.0,3+1,145.0,Oba,200.0,3837.931034482759,lux
121000.0,1+1,65.0,Tosmur,300.0,1861.5384615384612,comfort
215500.0,2+1,142.0,Mahmutlar,400.0,1517.605633802817,comfort
189000.0,2+1,132.0,Mahmutlar,400.0,1431.8181818181818,comfort
88000.0,1+1,55.0,Avsallar,300.0,1600.0,comfort
299500.0,3+1,145.0,Avsallar,350.0,2065.5172413793102,comfort
65000.0,1+1,51.0,Avsallar,1200.0,1274.5098039215686,econom
157500.0,1+1,58.0,Alanya(Center),1200.0,2715.5172413793102,lux
157500.0,1+1,70.0,Mahmutlar,400.0,2250.0,comfort
157500.0,1+1,82.0,Mahmutlar,400.0,1920.7317073170727,comfort
367500.0,2+1,132.0,Mahmutlar,400.0,2784.090909090909,lux
178500.0,1+1,55.0,Kestel,50.0,3245.454545454545,lux
157500.0,1+1,55.0,Kestel,50.0,2863.6363636363635,lux
147000.0,2+1,130.0,Mahmutlar,50.0,1130.7692307692307,econom
85000.0,1+1,57.0,Mahmutlar,350.0,1491.2280701754387,comfort
75000.0,1+1,55.0,Mahmutlar,400.0,1363.6363636363635,comfort
121000.0,2+1,100.0,Mahmutlar,50.0,1210.0,econom
144000.0,2+1,125.0,Avsallar,1500.0,1152.0,econom
121000.0,1+1,50.0,Alanya(Center),600.0,2420.0,comfort
215500.0,2+1,90.0,Alanya(Center),850.0,2394.4444444444443,comfort
101000.0,2+1,120.0,Mahmutlar,700.0,841.6666666666666,econom
335000.0,1+1,51.0,Oba,1800.0,6568.6274509803925,lux
97500.0,1+1,50.0,Oba,2800.0,1950.0,comfort
70000.0,1+1,47.0,Mahmutlar,600.0,1489.3617021276596,comfort
304500.0,2+1,195.0,Türkler,300.0,1561.5384615384614,comfort
80500.0,1+1,47.0,Avsallar,800.0,1712.7659574468084,comfort
105000.0,1+1,75.0,Tosmur,600.0,1400.0,comfort
120000.0,2+1,80.0,Mahmutlar,500.0,1500.0,comfort
220500.0,4+1,200.0,Kestel,200.0,1102.5,econom
130000.0,3+1,130.0,Oba,450.0,1000.0,econom
59000.0,1+1,44.0,Oba,2000.0,1340.909090909091,comfort
320000.0,2+1,110.0,Oba,200.0,2909.090909090909,lux
142000.0,3+1,120.0,Alanya(Center),2000.0,1183.3333333333333,econom
131500.0,1+1,50.0,Oba,2000.0,2630.0,lux
104000.0,2+1,120.0,Mahmutlar,350.0,866.6666666666666,econom
142000.0,2+1,90.0,Oba,1200.0,1577.7777777777778,comfort
131500.0,1+1,50.0,Oba,2000.0,2630.0,lux
112500.0,1+1,48.0,Oba,2000.0,2343.75,comfort
91000.0,1+1,55.0,Avsallar,650.0,1654.5454545454545,comfort
210000.0,1+1,55.0,Mahmutlar,50.0,3818.181818181818,lux
54000.0,1+0,55.0,Mahmutlar,500.0,981.818181818182,econom
56000.0,1+1,51.0,Mahmutlar,3000.0,1098.0392156862745,econom
184000.0,1+1,59.0,Alanya(Center),150.0,3118.64406779661,lux
104500.0,2+1,115.0,Oba,500.0,908.695652173913,econom
73000.0,1+1,50.0,Mahmutlar,600.0,1460.0,comfort
105000.0,1+1,54.0,Mahmutlar,500.0,1944.4444444444443,comfort
66500.0,1+1,44.0,Oba,4000.0,1511.3636363636365,comfort
85000.0,1+1,50.0,Oba,1100.0,1700.0,comfort
71000.0,1+1,50.0,Oba,4000.0,1420.0,comfort
154000.0,1+1,49.0,Mahmutlar,500.0,3142.8571428571427,lux
194500.0,3+1,165.0,Tosmur,600.0,1178.7878787878788,econom
78500.0,1+1,48.0,Avsallar,800.0,1635.4166666666667,comfort
86000.0,1+1,55.0,Gazipaşa,1400.0,1563.6363636363635,comfort
300000.0,3+1,110.0,Alanya(Center),250.0,2727.2727272727275,lux
157000.0,1+1,55.0,Mahmutlar,250.0,2854.5454545454545,lux
362500.0,2+1,128.0,Oba,350.0,2832.03125,lux
145000.0,1+1,55.0,Kestel,500.0,2636.3636363636365,lux
219500.0,2+1,98.0,Oba,800.0,2239.795918367347,comfort
157500.0,4+1,190.0,Oba,250.0,828.9473684210526,econom
64500.0,1+1,45.0,Payallar,2000.0,1433.3333333333333,comfort
124000.0,1+1,60.0,Alanya(Center),600.0,2066.6666666666665,comfort
142000.0,2+1,107.0,Alanya(Center),550.0,1327.1028037383178,comfort
102000.0,2+1,105.0,Konaklı,280.0,971.4285714285714,econom
220500.0,3+1,180.0,Oba,2000.0,1225.0,econom
430500.0,3+1,190.0,Mahmutlar,600.0,2265.7894736842104,comfort
93500.0,2+1,120.0,Oba,200.0,779.1666666666666,econom
110500.0,2+1,100.0,Tosmur,750.0,1105.0,econom
102000.0,2+1,100.0,Tosmur,600.0,1020.0,econom
115500.0,1+1,59.0,Kestel,50.0,1957.627118644068,comfort
142000.0,1+1,70.0,Oba,750.0,2028.571428571429,comfort
241500.0,3+1,220.0,Oba,1000.0,1097.7272727272727,econom
105000.0,1+1,60.0,Mahmutlar,500.0,1750.0,comfort
152500.0,1+1,80.0,Konaklı,700.0,1906.25,comfort
236500.0,3+1,120.0,Oba,750.0,1970.8333333333333,comfort
199500.0,3+1,120.0,Oba,750.0,1662.5,comfort
121000.0,2+1,120.0,Mahmutlar,400.0,1008.3333333333334,econom
110500.0,2+1,120.0,Mahmutlar,300.0,920.8333333333334,econom
124000.0,2+1,120.0,Mahmutlar,300.0,1033.3333333333333,econom
200000.0,1+1,58.0,Alanya(Center),580.0,3448.2758620689656,lux
68500.0,1+1,54.0,Payallar,700.0,1268.5185185185185,econom
128000.0,2+1,90.0,Oba,300.0,1422.2222222222222,comfort
131500.0,1+1,70.0,Oba,100.0,1878.571428571429,comfort
103000.0,2+1,125.0,Mahmutlar,400.0,824.0,econom
210000.0,2+1,130.0,Mahmutlar,1500.0,1615.3846153846157,comfort
147000.0,2+1,66.0,Alanya(Center),500.0,2227.2727272727275,comfort
80000.0,1+1,55.0,Mahmutlar,900.0,1454.5454545454545,comfort
240000.0,2+1,87.0,Alanya(Center),175.0,2758.620689655173,lux
577500.0,4+1,265.0,Mahmutlar,600.0,2179.245283018868,comfort
135000.0,3+1,115.0,Mahmutlar,350.0,1173.9130434782608,econom
236500.0,2+1,140.0,Mahmutlar,50.0,1689.2857142857142,comfort
86000.0,1+1,50.0,Kargıcak,250.0,1720.0,comfort
115500.0,1+1,70.0,Kargıcak,250.0,1650.0,comfort
83500.0,1+1,55.0,Oba,3500.0,1518.1818181818182,comfort
75000.0,1+1,55.0,Mahmutlar,500.0,1363.6363636363635,comfort
220500.0,3+1,100.0,Alanya(Center),100.0,2205.0,comfort
577500.0,4+1,170.0,Alanya(Center),1000.0,3397.058823529412,lux
142000.0,1+1,55.0,Alanya(Center),100.0,2581.818181818182,lux
155000.0,1+1,55.0,Alanya(Center),300.0,2818.181818181818,lux
331000.0,4+2,200.0,Alanya(Center),6000.0,1655.0,comfort
83500.0,1+1,57.0,Avsallar,800.0,1464.9122807017543,comfort
168000.0,1+1,60.0,Alanya(Center),250.0,2800.0,lux
227000.0,2+1,74.0,Alanya(Center),350.0,3067.5675675675675,lux
210000.0,1+1,70.0,Kargıcak,50.0,3000.0,lux
205000.0,1+1,55.0,Mahmutlar,50.0,3727.272727272728,lux
102000.0,1+1,55.0,Oba,3500.0,1854.5454545454545,comfort
182000.0,2+1,110.0,Kestel,50.0,1654.5454545454545,comfort
75000.0,1+1,60.0,Gazipaşa,1300.0,1250.0,econom
321000.0,2+1,110.0,Tosmur,200.0,2918.181818181818,lux
386500.0,3+1,160.0,Kargıcak,800.0,2415.625,comfort
441000.0,3+1,200.0,Kargıcak,1500.0,2205.0,comfort
121000.0,2+1,110.0,Mahmutlar,150.0,1100.0,econom
405000.0,3+1,160.0,Kargıcak,100.0,2531.25,lux
441000.0,3+1,209.0,Oba,200.0,2110.0478468899523,comfort
450000.0,3+1,134.0,Oba,200.0,3358.208955223881,lux
66500.0,1+1,60.0,Mahmutlar,1500.0,1108.3333333333333,econom
168000.0,2+1,120.0,Oba,1500.0,1400.0,comfort
173500.0,2+1,117.0,Alanya(Center),700.0,1482.905982905983,comfort
91000.0,1+1,60.0,Oba,1800.0,1516.6666666666667,comfort
96500.0,2+1,90.0,Mahmutlar,300.0,1072.2222222222222,econom
102000.0,1+1,55.0,Mahmutlar,550.0,1854.5454545454545,comfort
157500.0,2+1,105.0,Konaklı,300.0,1500.0,comfort
110500.0,1+1,75.0,Mahmutlar,800.0,1473.3333333333333,comfort
178500.0,2+1,105.0,Kargıcak,700.0,1700.0,comfort
121000.0,1+1,58.0,Alanya(Center),200.0,2086.206896551724,comfort
118000.0,1+1,65.0,Cikcilli,850.0,1815.3846153846157,comfort
115500.0,1+1,65.0,Cikcilli,850.0,1776.923076923077,comfort
110500.0,2+1,130.0,Mahmutlar,350.0,850.0,econom
136500.0,3+1,145.0,Mahmutlar,250.0,941.3793103448276,econom
107500.0,2+1,110.0,Tosmur,200.0,977.2727272727273,econom
105000.0,2+1,105.0,Cikcilli,1200.0,1000.0,econom
275000.0,3+1,165.0,Alanya(Center),1200.0,1666.6666666666667,comfort
157500.0,4+1,220.0,Alanya(Center),600.0,715.9090909090909,econom
80500.0,1+1,65.0,Mahmutlar,400.0,1238.4615384615386,econom
111500.0,2+1,105.0,Oba,1200.0,1061.904761904762,econom
125000.0,2+1,69.0,Oba,300.0,1811.5942028985507,comfort
142000.0,2+1,115.0,Kestel,200.0,1234.7826086956522,econom
163000.0,1+1,55.0,Kestel,200.0,2963.6363636363635,lux
157500.0,2+1,110.0,Kestel,200.0,1431.8181818181818,comfort
152500.0,2+1,80.0,Alanya(Center),650.0,1906.25,comfort
241500.0,3+1,230.0,Kestel,300.0,1050.0,econom
152500.0,2+1,124.0,Tosmur,550.0,1229.8387096774193,econom
110500.0,2+1,100.0,Kestel,300.0,1105.0,econom
150500.0,1+1,55.0,Kestel,500.0,2736.3636363636365,lux
102000.0,1+1,60.0,Kestel,150.0,1700.0,comfort
155000.0,1+1,60.0,Alanya(Center),700.0,2583.333333333333,lux
120000.0,2+1,100.0,Oba,4000.0,1200.0,econom
123000.0,2+1,115.0,Cikcilli,1500.0,1069.5652173913045,econom
195500.0,2+1,120.0,Oba,850.0,1629.1666666666667,comfort
525000.0,3+1,181.0,Alanya(Center),3500.0,2900.5524861878453,lux
283500.0,3+1,145.0,Alanya(Center),400.0,1955.1724137931035,comfort
151500.0,2+1,110.0,Mahmutlar,50.0,1377.2727272727273,comfort
156500.0,4+1,180.0,Oba,200.0,869.4444444444445,econom
50500.0,1+1,45.0,Avsallar,1150.0,1122.2222222222222,econom
153000.0,2+1,98.0,Oba,1500.0,1561.2244897959183,comfort
199000.0,3+1,214.0,Kargıcak,1700.0,929.9065420560748,econom
98500.0,1+1,55.0,Mahmutlar,400.0,1790.909090909091,comfort
147000.0,2+1,110.0,Kestel,200.0,1336.3636363636365,comfort
110500.0,1+1,65.0,Cikcilli,800.0,1700.0,comfort
178500.0,2+1,98.0,Cikcilli,800.0,1821.4285714285716,comfort
80500.0,1+1,40.0,Alanya(Center),625.0,2012.5,comfort
189000.0,4+1,220.0,Oba,1000.0,859.0909090909091,econom
378000.0,4+1,220.0,Cikcilli,1500.0,1718.1818181818182,comfort
152500.0,2+1,80.0,Mahmutlar,250.0,1906.25,comfort
178500.0,2+1,100.0,Cikcilli,1000.0,1785.0,comfort
241500.0,3+1,220.0,Oba,850.0,1097.7272727272727,econom
140000.0,3+1,140.0,Kestel,2000.0,1000.0,econom
524000.0,3+1,250.0,Kargıcak,3000.0,2096.0,comfort
156500.0,2+1,95.0,Oba,800.0,1647.3684210526317,comfort
178500.0,3+1,140.0,Oba,1100.0,1275.0,econom
121000.0,2+1,123.0,Mahmutlar,350.0,983.739837398374,econom
94500.0,2+1,125.0,Mahmutlar,350.0,756.0,econom
650000.0,3+1,220.0,Kargıcak,2000.0,2954.5454545454545,lux
93500.0,1+1,60.0,Mahmutlar,300.0,1558.3333333333333,comfort
93000.0,1+1,55.0,Avsallar,1700.0,1690.909090909091,comfort
74000.0,1+1,46.0,Avsallar,1400.0,1608.695652173913,comfort
100500.0,1+1,60.0,Oba,200.0,1675.0,comfort
121000.0,1+1,60.0,Oba,200.0,2016.6666666666667,comfort
115500.0,2+1,150.0,Mahmutlar,2000.0,770.0,econom
113500.0,1+1,50.0,Mahmutlar,600.0,2270.0,comfort
102000.0,1+1,70.0,Avsallar,400.0,1457.142857142857,comfort
210000.0,2+1,100.0,Alanya(Center),500.0,2100.0,comfort
105000.0,2+1,120.0,Mahmutlar,1000.0,875.0,econom
325500.0,3+1,178.0,Türkler,300.0,1828.6516853932585,comfort
409500.0,2+1,75.0,Oba,50.0,5460.0,lux
46500.0,1+1,34.0,Gazipaşa,1000.0,1367.6470588235295,comfort
283500.0,3+1,200.0,Kargıcak,2000.0,1417.5,comfort
91000.0,1+1,65.0,Mahmutlar,150.0,1400.0,comfort
126000.0,2+1,100.0,Oba,400.0,1260.0,econom
131500.0,1+1,70.0,Oba,850.0,1878.571428571429,comfort
163000.0,2+1,69.0,Mahmutlar,500.0,2362.31884057971,comfort
105000.0,2+1,130.0,Mahmutlar,3000.0,807.6923076923077,econom
105000.0,2+1,100.0,Oba,3500.0,1050.0,econom
155000.0,1+1,43.0,Kestel,800.0,3604.6511627906975,lux
88000.0,1+1,50.0,Oba,2150.0,1760.0,comfort
126000.0,2+1,150.0,Mahmutlar,1600.0,840.0,econom
121000.0,2+1,110.0,Alanya(Center),1200.0,1100.0,econom
435000.0,1+1,51.0,Alanya(Center),500.0,8529.411764705883,lux
110500.0,2+1,90.0,Mahmutlar,250.0,1227.7777777777778,econom
110500.0,1+1,54.0,Oba,2000.0,2046.2962962962963,comfort
92500.0,1+1,50.0,Alanya(Center),250.0,1850.0,comfort
115500.0,2+1,100.0,Kargıcak,300.0,1155.0,econom
126000.0,2+1,80.0,Mahmutlar,300.0,1575.0,comfort
75000.0,1+1,56.0,Avsallar,900.0,1339.2857142857142,comfort
173500.0,1+1,60.0,Mahmutlar,600.0,2891.6666666666665,lux
375000.0,3+1,145.0,Alanya(Center),50.0,2586.206896551724,lux
105000.0,2+1,110.0,Avsallar,900.0,954.5454545454544,econom
87000.0,2+1,110.0,Mahmutlar,1000.0,790.9090909090909,econom
190000.0,3+1,180.0,Oba,200.0,1055.5555555555557,econom
91000.0,1+1,55.0,Mahmutlar,550.0,1654.5454545454545,comfort
142000.0,2+1,115.0,Mahmutlar,300.0,1234.7826086956522,econom
131500.0,2+1,85.0,Mahmutlar,250.0,1547.0588235294117,comfort
124000.0,1+1,50.0,Alanya(Center),200.0,2480.0,comfort
152500.0,1+1,70.0,Mahmutlar,200.0,2178.5714285714284,comfort
83500.0,1+1,66.0,Mahmutlar,400.0,1265.1515151515152,econom
166000.0,2+1,115.0,Kestel,200.0,1443.4782608695652,comfort
91000.0,1+1,55.0,Alanya(Center),625.0,1654.5454545454545,comfort
115500.0,2+1,120.0,Alanya(Center),700.0,962.5,econom
64500.0,1+0,40.0,Mahmutlar,600.0,1612.5,comfort
1200000.0,4+1,236.0,Kestel,2500.0,5084.745762711865,lux
159000.0,1+1,46.0,Mahmutlar,500.0,3456.521739130435,lux
586000.0,4+1,183.0,Mahmutlar,500.0,3202.185792349727,lux
131500.0,1+1,52.0,Oba,1500.0,2528.846153846154,lux
525000.0,3+1,180.0,Tosmur,50.0,2916.6666666666665,lux
420000.0,3+1,170.0,Kargıcak,150.0,2470.5882352941176,comfort
231000.0,3+1,175.0,Mahmutlar,900.0,1320.0,comfort
122000.0,2+1,100.0,Mahmutlar,900.0,1220.0,econom
136500.0,2+1,100.0,Oba,1500.0,1365.0,comfort
102000.0,3+1,110.0,Kargıcak,600.0,927.2727272727273,econom
95500.0,1+0,45.0,Mahmutlar,50.0,2122.222222222222,comfort
218500.0,2+1,100.0,Mahmutlar,50.0,2185.0,comfort
130000.0,1+1,65.0,Tosmur,300.0,2000.0,comfort
651000.0,3+2,240.0,Mahmutlar,150.0,2712.5,lux
189000.0,1+1,72.0,Mahmutlar,400.0,2625.0,lux
224000.0,3+1,160.0,Kestel,300.0,1400.0,comfort
157500.0,2+1,130.0,Mahmutlar,400.0,1211.5384615384614,econom
440000.0,3+1,180.0,Alanya(Center),1700.0,2444.4444444444443,comfort
346500.0,2+1,110.0,Oba,200.0,3150.0,lux
189000.0,2+1,110.0,Oba,300.0,1718.1818181818182,comfort
168000.0,1+1,85.0,Türkler,300.0,1976.470588235294,comfort
140000.0,2+1,115.0,Alanya(Center),600.0,1217.391304347826,econom
147000.0,2+1,120.0,Oba,1700.0,1225.0,econom
210000.0,3+1,154.0,Oba,2500.0,1363.6363636363635,comfort
173500.0,1+1,80.0,Kestel,50.0,2168.75,comfort
131500.0,2+1,110.0,Tosmur,700.0,1195.4545454545455,econom
304500.0,2+1,90.0,Mahmutlar,20.0,3383.333333333333,lux
136500.0,2+1,110.0,Tosmur,30.0,1240.909090909091,econom
194500.0,3+1,170.0,Oba,300.0,1144.1176470588234,econom
181500.0,2+1,120.0,Oba,400.0,1512.5,comfort
239500.0,1+1,43.0,Alanya(Center),520.0,5569.767441860465,lux
121000.0,2+1,85.0,Alanya(Center),400.0,1423.529411764706,comfort
141000.0,1+1,85.0,Türkler,300.0,1658.8235294117646,comfort
367500.0,3+1,201.0,Mahmutlar,600.0,1828.358208955224,comfort
690000.0,4+1,180.0,Kargıcak,50.0,3833.3333333333335,lux
163000.0,3+1,120.0,Konaklı,450.0,1358.3333333333333,comfort
152500.0,2+1,114.0,Alanya(Center),4000.0,1337.719298245614,comfort
140000.0,2+1,110.0,Mahmutlar,50.0,1272.7272727272727,econom
59000.0,1+1,45.0,Payallar,2000.0,1311.111111111111,comfort
100000.0,1+1,54.0,Oba,2700.0,1851.851851851852,comfort
346500.0,5+1,190.0,Kargıcak,700.0,1823.684210526316,comfort
86000.0,2+1,110.0,Mahmutlar,900.0,781.8181818181819,econom
357000.0,3+1,232.0,Kargıcak,700.0,1538.7931034482758,comfort
226000.0,4+1,250.0,Kargıcak,800.0,904.0,econom
142000.0,1+1,65.0,Alanya(Center),350.0,2184.6153846153848,comfort
136500.0,2+1,105.0,Mahmutlar,850.0,1300.0,econom
102000.0,1+1,70.0,Oba,1500.0,1457.142857142857,comfort
147000.0,2+1,125.0,Alanya(Center),600.0,1176.0,econom
70000.0,1+1,50.0,Mahmutlar,250.0,1400.0,comfort
86000.0,1+1,45.0,Mahmutlar,2500.0,1911.111111111111,comfort
236500.0,2+1,120.0,Cikcilli,800.0,1970.8333333333333,comfort
378000.0,3+1,220.0,Mahmutlar,200.0,1718.1818181818182,comfort
115500.0,1+1,55.0,Oba,1700.0,2100.0,comfort
404500.0,3+1,140.0,Oba,850.0,2889.285714285714,lux
105000.0,1+1,55.0,Tosmur,500.0,1909.090909090909,comfort
247000.0,3+1,200.0,Cikcilli,1500.0,1235.0,econom
205000.0,2+1,150.0,Kargıcak,700.0,1366.6666666666667,comfort
257500.0,3+1,275.0,Kargıcak,700.0,936.3636363636364,econom
157500.0,2+1,90.0,Oba,1200.0,1750.0,comfort
102000.0,1+1,46.0,Alanya(Center),150.0,2217.391304347826,comfort
184000.0,2+1,127.0,Alanya(Center),250.0,1448.818897637795,comfort
64500.0,1+1,55.0,Avsallar,1400.0,1172.7272727272727,econom
157500.0,2+1,130.0,Mahmutlar,20.0,1211.5384615384614,econom
99500.0,1+1,55.0,Alanya(Center),600.0,1809.090909090909,comfort
630000.0,3+1,170.0,Kargıcak,5000.0,3705.8823529411766,lux
173500.0,1+1,55.0,Kestel,50.0,3154.5454545454545,lux
163000.0,2+1,90.0,Tosmur,50.0,1811.111111111111,comfort
131500.0,2+1,110.0,Kestel,400.0,1195.4545454545455,econom
220000.0,4+1,200.0,Oba,600.0,1100.0,econom
163000.0,3+1,145.0,Oba,1500.0,1124.1379310344828,econom
200000.0,4+1,165.0,Oba,1300.0,1212.121212121212,econom
109000.0,2+1,110.0,Oba,4000.0,990.9090909090908,econom
110500.0,2+1,110.0,Cikcilli,1200.0,1004.5454545454544,econom
394000.0,4+1,170.0,Konaklı,200.0,2317.6470588235293,comfort
352000.0,4+1,256.0,Mahmutlar,400.0,1375.0,comfort
199500.0,2+1,110.0,Alanya(Center),700.0,1813.636363636364,comfort
88000.0,2+1,98.0,Tosmur,600.0,897.9591836734694,econom
451500.0,4+1,170.0,Kestel,50.0,2655.8823529411766,lux
525000.0,3+1,270.0,Alanya(Center),3800.0,1944.4444444444443,comfort
152500.0,2+1,115.0,Mahmutlar,200.0,1326.0869565217392,comfort
136500.0,3+1,110.0,Avsallar,2000.0,1240.909090909091,econom
152500.0,2+1,120.0,Mahmutlar,150.0,1270.8333333333333,econom
152000.0,3+1,180.0,Tosmur,400.0,844.4444444444445,econom
108500.0,2+1,95.0,Mahmutlar,250.0,1142.1052631578948,econom
136500.0,3+1,120.0,Mahmutlar,1000.0,1137.5,econom
89000.0,1+1,45.0,Mahmutlar,650.0,1977.7777777777776,comfort
81500.0,1+1,70.0,Mahmutlar,300.0,1164.2857142857142,econom
131500.0,1+1,65.0,Kargıcak,30.0,2023.076923076923,comfort
240000.0,1+1,48.0,Kargıcak,70.0,5000.0,lux
96500.0,1+1,45.0,Alanya(Center),500.0,2144.4444444444443,comfort
94500.0,1+1,68.0,Mahmutlar,350.0,1389.7058823529412,comfort
75000.0,1+1,55.0,Avsallar,2000.0,1363.6363636363635,comfort
247000.0,4+1,220.0,Kargıcak,1500.0,1122.7272727272727,econom
115500.0,2+1,120.0,Mahmutlar,450.0,962.5,econom
86000.0,1+1,60.0,Tosmur,800.0,1433.3333333333333,comfort
115500.0,1+1,55.0,Kestel,700.0,2100.0,comfort
96500.0,1+1,55.0,Kestel,700.0,1754.5454545454545,comfort
115500.0,1+1,55.0,Kestel,700.0,2100.0,comfort
399000.0,2+1,157.0,Türkler,300.0,2541.4012738853503,lux
75000.0,1+1,55.0,Mahmutlar,1500.0,1363.6363636363635,comfort
68500.0,1+1,55.0,Mahmutlar,500.0,1245.4545454545455,econom
430500.0,3+1,165.0,Alanya(Center),150.0,2609.090909090909,lux
145000.0,3+1,140.0,Mahmutlar,1500.0,1035.7142857142858,econom
283500.0,3+1,180.0,Kargıcak,700.0,1575.0,comfort
131500.0,2+1,110.0,Mahmutlar,400.0,1195.4545454545455,econom
100000.0,1+1,53.0,Mahmutlar,400.0,1886.7924528301887,comfort
110500.0,1+1,51.0,Mahmutlar,400.0,2166.6666666666665,comfort
315000.0,2+1,120.0,Alanya(Center),50.0,2625.0,lux
126000.0,2+1,95.0,Avsallar,800.0,1326.3157894736842,comfort
430500.0,3+1,140.0,Alanya(Center),50.0,3075.0,lux
115500.0,2+1,110.0,Mahmutlar,300.0,1050.0,econom
88000.0,2+1,115.0,Mahmutlar,300.0,765.2173913043479,econom
199000.0,2+1,110.0,Cikcilli,1000.0,1809.090909090909,comfort
91000.0,1+1,56.0,Oba,2500.0,1625.0,comfort
80500.0,1+1,61.0,Demirtaş,1300.0,1319.672131147541,comfort
121000.0,2+1,115.0,Tosmur,600.0,1052.1739130434785,econom
70000.0,1+1,55.0,Demirtaş,1200.0,1272.7272727272727,econom
78500.0,1+1,55.0,Demirtaş,1200.0,1427.2727272727273,comfort
105000.0,2+1,80.0,Demirtaş,1200.0,1312.5,comfort
102000.0,2+1,90.0,Mahmutlar,400.0,1133.3333333333333,econom
205000.0,1+1,55.0,Tosmur,120.0,3727.272727272728,lux
168000.0,1+1,55.0,Tosmur,120.0,3054.5454545454545,lux
64500.0,1+1,55.0,Avsallar,2000.0,1172.7272727272727,econom
278500.0,4+1,220.0,Kestel,400.0,1265.909090909091,econom
173500.0,1+1,65.0,Kargıcak,50.0,2669.230769230769,lux
575000.0,2+1,110.0,Mahmutlar,400.0,5227.272727272727,lux
163000.0,2+1,92.0,Alanya(Center),1000.0,1771.7391304347825,comfort
152500.0,2+1,92.0,Alanya(Center),1000.0,1657.608695652174,comfort
131500.0,2+1,110.0,Oba,300.0,1195.4545454545455,econom
241500.0,2+1,120.0,Tosmur,300.0,2012.5,comfort
71000.0,1+1,55.0,Avsallar,1000.0,1290.909090909091,econom
152500.0,2+1,90.0,Kestel,50.0,1694.4444444444443,comfort
210000.0,1+1,60.0,Tosmur,245.0,3500.0,lux
146000.0,1+1,60.0,Alanya(Center),500.0,2433.333333333333,comfort
102000.0,1+1,60.0,Oba,300.0,1700.0,comfort
672000.0,3+1,240.0,Kargıcak,3500.0,2800.0,lux
80500.0,1+1,60.0,Mahmutlar,400.0,1341.6666666666667,comfort
96500.0,1+1,65.0,Mahmutlar,500.0,1484.6153846153843,comfort
85500.0,1+1,55.0,Mahmutlar,600.0,1554.5454545454545,comfort
96500.0,1+1,53.0,Mahmutlar,600.0,1820.754716981132,comfort
105000.0,2+1,90.0,Mahmutlar,550.0,1166.6666666666667,econom
91000.0,1+1,65.0,Mahmutlar,400.0,1400.0,comfort
96500.0,1+1,56.0,Mahmutlar,400.0,1723.2142857142858,comfort
89000.0,2+1,100.0,Mahmutlar,1200.0,890.0,econom
136500.0,1+1,65.0,Mahmutlar,120.0,2100.0,comfort
189000.0,1+1,67.0,Kargıcak,50.0,2820.89552238806,lux
122000.0,1+1,59.0,Oba,1300.0,2067.7966101694915,comfort
105000.0,2+1,120.0,Mahmutlar,400.0,875.0,econom
129000.0,1+1,45.0,Alanya(Center),300.0,2866.6666666666665,lux
231000.0,2+1,95.0,Alanya(Center),600.0,2431.5789473684213,comfort
163000.0,2+1,120.0,Mahmutlar,300.0,1358.3333333333333,comfort
178000.0,1+1,52.0,Kargıcak,2000.0,3423.076923076923,lux
205000.0,4+1,255.0,Mahmutlar,350.0,803.9215686274509,econom
131500.0,2+1,125.0,Mahmutlar,350.0,1052.0,econom
152500.0,2+1,115.0,Cikcilli,1200.0,1326.0869565217392,comfort
173500.0,2+1,125.0,Oba,150.0,1388.0,comfort
93000.0,1+1,53.0,Mahmutlar,900.0,1754.7169811320755,comfort
126000.0,2+1,105.0,Avsallar,250.0,1200.0,econom
115500.0,1+1,55.0,Mahmutlar,200.0,2100.0,comfort
315000.0,2+1,103.0,Mahmutlar,120.0,3058.252427184466,lux
59000.0,1+1,55.0,Avsallar,1500.0,1072.7272727272727,econom
116500.0,2+1,90.0,Oba,2000.0,1294.4444444444443,econom
215500.0,3+1,220.0,Oba,1000.0,979.5454545454544,econom
69000.0,1+1,50.0,Avsallar,800.0,1380.0,comfort
152500.0,3+1,135.0,Mahmutlar,450.0,1129.6296296296296,econom
85000.0,1+1,55.0,Mahmutlar,1500.0,1545.4545454545455,comfort
88000.0,1+1,60.0,Kargıcak,1700.0,1466.6666666666667,comfort
121000.0,2+1,105.0,Mahmutlar,1300.0,1152.3809523809523,econom
155500.0,3+2,185.0,Mahmutlar,200.0,840.5405405405405,econom
189000.0,3+1,190.0,Mahmutlar,800.0,994.7368421052632,econom
378000.0,3+1,200.0,Alanya(Center),1000.0,1890.0,comfort
91000.0,1+1,61.0,Kargıcak,1100.0,1491.8032786885246,comfort
135500.0,1+1,50.0,Oba,3000.0,2710.0,lux
70000.0,1+1,50.0,Avsallar,1200.0,1400.0,comfort
184000.0,3+1,150.0,Kestel,200.0,1226.6666666666667,econom
230000.0,3+1,130.0,Kestel,150.0,1769.2307692307693,comfort
126000.0,1+1,68.0,Kestel,150.0,1852.9411764705883,comfort
226000.0,2+1,110.0,Kargıcak,60.0,2054.5454545454545,comfort
152500.0,1+1,55.0,Alanya(Center),550.0,2772.7272727272725,lux
90000.0,1+0,83.0,Mahmutlar,400.0,1084.3373493975903,econom
126000.0,1+1,50.0,Oba,2000.0,2520.0,lux
105000.0,2+1,87.0,Avsallar,1500.0,1206.896551724138,econom
152500.0,2+1,85.0,Mahmutlar,50.0,1794.1176470588234,comfort
600000.0,3+1,156.0,Alanya(Center),3000.0,3846.153846153846,lux
110000.0,1+1,58.0,Alanya(Center),500.0,1896.551724137931,comfort
163000.0,2+1,100.0,Alanya(Center),150.0,1630.0,comfort
226000.0,2+1,105.0,Kestel,60.0,2152.3809523809523,comfort
115500.0,1+1,50.0,Kestel,2300.0,2310.0,comfort
110500.0,2+1,120.0,Alanya(Center),300.0,920.8333333333334,econom
64500.0,1+1,50.0,Avsallar,1700.0,1290.0,econom
96500.0,1+1,50.0,Alanya(Center),2000.0,1930.0,comfort
220500.0,3+1,165.0,Oba,2000.0,1336.3636363636365,comfort
210000.0,3+1,180.0,Alanya(Center),4500.0,1166.6666666666667,econom
304500.0,3+1,195.0,Kargıcak,1000.0,1561.5384615384614,comfort
157500.0,2+1,100.0,Alanya(Center),1000.0,1575.0,comfort
115500.0,1+1,55.0,Alanya(Center),700.0,2100.0,comfort
154500.0,2+1,98.0,Alanya(Center),300.0,1576.530612244898,comfort
83500.0,1+1,50.0,Kargıcak,150.0,1670.0,comfort
80500.0,1+1,76.0,Mahmutlar,250.0,1059.2105263157894,econom
163500.0,4+1,175.0,Oba,2000.0,934.2857142857144,econom
241500.0,2+1,90.0,Alanya(Center),1200.0,2683.333333333333,lux
210000.0,4+1,198.0,Mahmutlar,800.0,1060.6060606060605,econom
205000.0,2+1,100.0,Kargıcak,200.0,2050.0,comfort
115500.0,1+1,45.0,Alanya(Center),2000.0,2566.6666666666665,lux
86000.0,3+1,120.0,Mahmutlar,350.0,716.6666666666666,econom
67500.0,1+1,55.0,Avsallar,1400.0,1227.2727272727273,econom
59000.0,1+1,49.0,Payallar,1500.0,1204.0816326530612,econom
100000.0,2+1,100.0,Oba,400.0,1000.0,econom
80500.0,1+1,50.0,Avsallar,1000.0,1610.0,comfort
131500.0,1+1,55.0,Mahmutlar,500.0,2390.909090909091,comfort
96500.0,1+1,55.0,Mahmutlar,500.0,1754.5454545454545,comfort
87000.0,1+1,55.0,Mahmutlar,500.0,1581.8181818181818,comfort
86000.0,1+1,55.0,Mahmutlar,500.0,1563.6363636363635,comfort
184000.0,2+1,105.0,Tosmur,50.0,1752.3809523809523,comfort
210000.0,2+1,125.0,Mahmutlar,50.0,1680.0,comfort
257500.0,2+1,90.0,Alanya(Center),200.0,2861.1111111111118,lux
268000.0,2+1,100.0,Alanya(Center),200.0,2680.0,lux
131500.0,2+1,115.0,Mahmutlar,400.0,1143.4782608695652,econom
110500.0,2+1,125.0,Mahmutlar,600.0,884.0,econom
118000.0,2+1,95.0,Mahmutlar,50.0,1242.1052631578948,econom
165000.0,2+1,90.0,Türkler,600.0,1833.3333333333333,comfort
226000.0,2+1,115.0,Cikcilli,1500.0,1965.217391304348,comfort
346500.0,4+1,150.0,Kestel,400.0,2310.0,comfort
178500.0,2+1,150.0,Mahmutlar,300.0,1190.0,econom
304500.0,2+1,138.0,Mahmutlar,350.0,2206.521739130435,comfort
67500.0,1+1,45.0,Avsallar,1700.0,1500.0,comfort
133500.0,2+1,80.0,Demirtaş,1300.0,1668.75,comfort
86000.0,2+1,75.0,Avsallar,1400.0,1146.6666666666667,econom
48500.0,1+1,48.0,Avsallar,1500.0,1010.4166666666666,econom
609000.0,3+1,250.0,Mahmutlar,900.0,2436.0,comfort
142000.0,1+1,62.0,Alanya(Center),600.0,2290.322580645161,comfort
190000.0,1+1,62.0,Alanya(Center),600.0,3064.516129032258,lux
105000.0,1+1,58.0,Mahmutlar,1500.0,1810.344827586207,comfort
165500.0,1+1,59.0,Alanya(Center),250.0,2805.084745762712,lux
719500.0,4+1,250.0,Kargıcak,2000.0,2878.0,lux
126000.0,2+1,105.0,Alanya(Center),600.0,1200.0,econom
866500.0,4+1,290.0,Alanya(Center),4000.0,2987.9310344827586,lux
196500.0,1+1,55.0,Mahmutlar,50.0,3572.7272727272725,lux
194500.0,3+1,140.0,Alanya(Center),700.0,1389.2857142857142,comfort
136500.0,2+1,125.0,Kargıcak,4000.0,1092.0,econom
142000.0,1+1,50.0,Alanya(Center),250.0,2840.0,lux
91000.0,1+1,50.0,Kargıcak,60.0,1820.0,comfort
110500.0,1+1,70.0,Mahmutlar,250.0,1578.571428571429,comfort
102000.0,1+1,55.0,Kestel,400.0,1854.5454545454545,comfort
105000.0,2+1,85.0,Oba,2000.0,1235.2941176470588,econom
165000.0,2+1,83.0,Alanya(Center),350.0,1987.951807228916,comfort
367500.0,3+1,186.0,Mahmutlar,1500.0,1975.8064516129032,comfort
64500.0,1+1,45.0,Kargıcak,2500.0,1433.3333333333333,comfort
86000.0,1+1,45.0,Avsallar,2000.0,1911.111111111111,comfort
106000.0,1+1,50.0,Oba,1300.0,2120.0,comfort
185000.0,1+1,45.0,Oba,1200.0,4111.111111111111,lux
91000.0,1+1,50.0,Kargıcak,2000.0,1820.0,comfort
695000.0,3+1,200.0,Konaklı,500.0,3475.0,lux
147000.0,1+1,50.0,Alanya(Center),850.0,2940.0,lux
109500.0,2+1,105.0,Tosmur,180.0,1042.857142857143,econom
101500.0,1+1,70.0,Mahmutlar,1500.0,1450.0,comfort
184000.0,4+1,180.0,Mahmutlar,300.0,1022.2222222222222,econom
262500.0,3+1,220.0,Kargıcak,4000.0,1193.1818181818182,econom
205000.0,1+1,74.0,Alanya(Center),450.0,2770.2702702702704,lux
598500.0,3+1,251.0,Alanya(Center),3500.0,2384.462151394422,comfort
136500.0,2+1,110.0,Mahmutlar,150.0,1240.909090909091,econom
210000.0,4+1,220.0,Oba,1200.0,954.5454545454544,econom
309000.0,3+2,225.0,Payallar,70.0,1373.3333333333333,comfort
59000.0,1+1,50.0,Avsallar,1400.0,1180.0,econom
168000.0,3+1,150.0,Mahmutlar,500.0,1120.0,econom
204000.0,3+1,194.0,Kestel,300.0,1051.5463917525774,econom
163000.0,2+1,85.0,Avsallar,300.0,1917.6470588235293,comfort
80500.0,1+1,51.0,Mahmutlar,1800.0,1578.4313725490197,comfort
142000.0,2+1,100.0,Mahmutlar,1500.0,1420.0,comfort
90000.0,1+0,35.0,Cikcilli,800.0,2571.428571428572,lux
168000.0,2+1,140.0,Alanya(Center),2000.0,1200.0,econom
112000.0,1+1,45.0,Alanya(Center),700.0,2488.8888888888887,comfort
128000.0,2+1,70.0,Alanya(Center),700.0,1828.571428571429,comfort
83000.0,1+1,55.0,Oba,3000.0,1509.090909090909,comfort
163000.0,2+1,110.0,Mahmutlar,1500.0,1481.8181818181818,comfort
108000.0,1+1,55.0,Payallar,2000.0,1963.636363636364,comfort
131500.0,2+1,90.0,Mahmutlar,600.0,1461.111111111111,comfort
91000.0,2+1,110.0,Mahmutlar,400.0,827.2727272727273,econom
89000.0,1+1,50.0,Alanya(Center),600.0,1780.0,comfort
205000.0,3+1,230.0,Mahmutlar,350.0,891.304347826087,econom
145000.0,2+1,100.0,Oba,950.0,1450.0,comfort
120000.0,1+1,53.0,Oba,2300.0,2264.1509433962265,comfort
121000.0,2+1,125.0,Mahmutlar,700.0,968.0,econom
75000.0,1+1,43.0,Avsallar,900.0,1744.186046511628,comfort
252000.0,2+1,120.0,Tosmur,600.0,2100.0,comfort
118000.0,2+1,110.0,Mahmutlar,400.0,1072.7272727272727,econom
155000.0,1+1,57.0,Kargıcak,150.0,2719.2982456140357,lux
145000.0,1+1,57.0,Kargıcak,300.0,2543.8596491228072,lux
189000.0,2+1,95.0,Oba,2500.0,1989.4736842105265,comfort
85000.0,1+1,50.0,Kargıcak,250.0,1700.0,comfort
173500.0,2+1,115.0,Konaklı,350.0,1508.695652173913,comfort
115500.0,2+1,98.0,Mahmutlar,250.0,1178.571428571429,econom
75000.0,1+1,65.0,Oba,250.0,1153.8461538461538,econom
775000.0,3+1,165.0,Mahmutlar,3000.0,4696.969696969697,lux
94500.0,1+1,70.0,Mahmutlar,500.0,1350.0,comfort
136500.0,1+1,55.0,Alanya(Center),1200.0,2481.818181818182,comfort
168000.0,2+1,90.0,Mahmutlar,150.0,1866.6666666666667,comfort
167000.0,2+1,120.0,Kestel,150.0,1391.6666666666667,comfort
153000.0,1+1,50.0,Kargıcak,150.0,3060.0,lux
180000.0,1+1,45.0,Oba,3500.0,4000.0,lux
96500.0,2+1,110.0,Avsallar,1400.0,877.2727272727273,econom
131500.0,2+1,100.0,Alanya(Center),800.0,1315.0,comfort
115500.0,1+1,59.0,Mahmutlar,600.0,1957.627118644068,comfort
173500.0,2+1,90.0,Oba,2000.0,1927.7777777777776,comfort
180000.0,2+1,120.0,Cikcilli,1000.0,1500.0,comfort
110500.0,2+1,110.0,Tosmur,350.0,1004.5454545454544,econom
144000.0,2+1,110.0,Oba,300.0,1309.090909090909,comfort
131500.0,2+1,100.0,Cikcilli,1000.0,1315.0,comfort
91000.0,2+1,130.0,Mahmutlar,450.0,700.0,econom
303500.0,4+1,250.0,Oba,700.0,1214.0,econom
121000.0,2+1,105.0,Mahmutlar,350.0,1152.3809523809523,econom
102000.0,1+1,55.0,Oba,350.0,1854.5454545454545,comfort
189000.0,2+1,150.0,Mahmutlar,500.0,1260.0,econom
230000.0,2+1,110.0,Konaklı,250.0,2090.909090909091,comfort
100000.0,2+1,85.0,Mahmutlar,850.0,1176.470588235294,econom
136500.0,2+1,125.0,Mahmutlar,350.0,1092.0,econom
525000.0,3+1,280.0,Alanya(Center),4000.0,1875.0,comfort
121000.0,2+1,105.0,Mahmutlar,500.0,1152.3809523809523,econom
210000.0,3+1,200.0,Kestel,200.0,1050.0,econom
157500.0,1+1,50.0,Alanya(Center),500.0,3150.0,lux
199500.0,2+1,88.0,Alanya(Center),370.0,2267.0454545454545,comfort
152500.0,2+1,125.0,Mahmutlar,300.0,1220.0,econom
115500.0,2+1,100.0,Mahmutlar,1000.0,1155.0,econom
190000.0,1+1,47.0,Kestel,50.0,4042.553191489362,lux
103000.0,1+1,48.0,Kargıcak,70.0,2145.833333333333,comfort
420000.0,1+1,51.0,Alanya(Center),500.0,8235.29411764706,lux
262500.0,3+1,210.0,Kargıcak,4000.0,1250.0,econom
173500.0,3+1,186.0,Mahmutlar,350.0,932.7956989247313,econom
195000.0,1+1,50.0,Kestel,250.0,3900.0,lux
218000.0,1+1,67.0,Alanya(Center),600.0,3253.731343283582,lux
126000.0,2+1,110.0,Avsallar,500.0,1145.4545454545455,econom
192500.0,2+1,115.0,Oba,2000.0,1673.9130434782608,comfort
96500.0,1+1,55.0,Kargıcak,300.0,1754.5454545454545,comfort
126000.0,2+1,110.0,Avsallar,1000.0,1145.4545454545455,econom
110500.0,1+1,60.0,Alanya(Center),625.0,1841.6666666666667,comfort
166000.0,1+1,50.0,Alanya(Center),370.0,3320.0,lux
231000.0,2+1,110.0,Kargıcak,50.0,2100.0,comfort
110500.0,1+1,60.0,Avsallar,550.0,1841.6666666666667,comfort
102000.0,1+1,50.0,Alanya(Center),100.0,2040.0,comfort
67500.0,1+1,55.0,Avsallar,2000.0,1227.2727272727273,econom
173500.0,2+1,95.0,Mahmutlar,550.0,1826.315789473684,comfort
56000.0,1+1,50.0,Avsallar,1700.0,1120.0,econom
630000.0,3+1,165.0,Tosmur,50.0,3818.181818181818,lux
252000.0,3+1,240.0,Alanya(Center),1000.0,1050.0,econom
168000.0,2+1,125.0,Tosmur,200.0,1344.0,comfort
105000.0,2+1,110.0,Mahmutlar,200.0,954.5454545454544,econom
80000.0,1+1,56.0,Mahmutlar,900.0,1428.571428571429,comfort
600000.0,4+1,197.0,Kargıcak,3000.0,3045.6852791878173,lux
135500.0,2+1,120.0,Tosmur,300.0,1129.1666666666667,econom
199500.0,3+1,130.0,Demirtaş,700.0,1534.6153846153843,comfort
140000.0,2+1,120.0,Mahmutlar,150.0,1166.6666666666667,econom
144000.0,2+1,120.0,Mahmutlar,200.0,1200.0,econom
95500.0,1+1,55.0,Kargıcak,2000.0,1736.3636363636365,comfort
100000.0,1+1,100.0,Demirtaş,150.0,1000.0,econom
129500.0,2+1,125.0,Mahmutlar,200.0,1036.0,econom
131500.0,1+1,60.0,Mahmutlar,600.0,2191.6666666666665,comfort
126000.0,1+1,65.0,Kestel,100.0,1938.4615384615383,comfort
167500.0,3+1,175.0,Oba,900.0,957.1428571428572,econom
315000.0,3+1,160.0,Kestel,50.0,1968.75,comfort
140000.0,2+1,115.0,Mahmutlar,50.0,1217.391304347826,econom
299500.0,2+1,130.0,Mahmutlar,50.0,2303.846153846154,comfort
262500.0,2+1,110.0,Kestel,100.0,2386.3636363636365,comfort
346500.0,3+1,260.0,Cikcilli,1000.0,1332.6923076923076,comfort
109000.0,2+1,100.0,Mahmutlar,1500.0,1090.0,econom
236500.0,3+1,220.0,Avsallar,2500.0,1075.0,econom
96000.0,1+1,43.0,Gazipaşa,700.0,2232.558139534884,comfort
80500.0,1+1,58.0,Konaklı,300.0,1387.9310344827586,comfort
109000.0,1+1,58.0,Konaklı,300.0,1879.3103448275865,comfort
241500.0,2+1,125.0,Kestel,150.0,1932.0,comfort
133500.0,2+1,120.0,Mahmutlar,150.0,1112.5,econom
121000.0,2+1,73.0,Mahmutlar,600.0,1657.5342465753424,comfort
142000.0,2+1,110.0,Alanya(Center),700.0,1290.909090909091,econom
304500.0,4+1,150.0,Avsallar,1000.0,2030.0,comfort
210000.0,3+2,220.0,Oba,1500.0,954.5454545454544,econom
210000.0,4+1,210.0,Oba,2500.0,1000.0,econom
153500.0,2+1,120.0,Kestel,50.0,1279.1666666666667,econom
325500.0,5+1,240.0,Kestel,300.0,1356.25,comfort
115500.0,2+1,90.0,Türkler,300.0,1283.3333333333333,econom
89000.0,1+1,56.0,Oba,2500.0,1589.2857142857142,comfort
192500.0,2+1,105.0,Tosmur,500.0,1833.3333333333333,comfort
90000.0,1+1,55.0,Oba,350.0,1636.3636363636365,comfort
70000.0,1+1,63.0,Avsallar,1500.0,1111.111111111111,econom
210000.0,3+1,160.0,Mahmutlar,400.0,1312.5,comfort
124000.0,1+1,55.0,Mahmutlar,1500.0,2254.5454545454545,comfort
157500.0,1+1,51.0,Oba,3000.0,3088.235294117647,lux
142000.0,2+1,110.0,Alanya(Center),900.0,1290.909090909091,econom
205000.0,2+1,110.0,Mahmutlar,584.0,1863.636363636364,comfort
157500.0,1+1,52.0,Oba,1500.0,3028.846153846154,lux
115500.0,1+1,73.0,Oba,500.0,1582.1917808219175,comfort
367500.0,4+1,165.0,Alanya(Center),450.0,2227.2727272727275,comfort
139000.0,1+1,50.0,Mahmutlar,450.0,2780.0,lux
262500.0,2+1,85.0,Cikcilli,1500.0,3088.235294117647,lux
102000.0,2+1,85.0,Demirtaş,500.0,1200.0,econom
120750.0,1+1,65.0,Tosmur,500.0,1857.692307692308,comfort
236500.0,2+1,110.0,Kestel,50.0,2150.0,comfort
226000.0,2+1,135.0,Mahmutlar,50.0,1674.074074074074,comfort
126000.0,1+1,55.0,Avsallar,1200.0,2290.909090909091,comfort
136500.0,1+1,45.0,Alanya(Center),200.0,3033.333333333333,lux
283500.0,4+1,230.0,Oba,200.0,1232.608695652174,econom
147000.0,1+1,55.0,Oba,2800.0,2672.7272727272725,lux
96500.0,1+1,55.0,Gazipaşa,1700.0,1754.5454545454545,comfort
73000.0,1+1,63.0,Payallar,2200.0,1158.7301587301588,econom
74000.0,1+1,55.0,Mahmutlar,370.0,1345.4545454545455,comfort
142000.0,2+1,115.0,Tosmur,600.0,1234.7826086956522,econom
142000.0,2+1,105.0,Tosmur,600.0,1352.3809523809523,comfort
66000.0,1+1,55.0,Payallar,2000.0,1200.0,econom
83000.0,1+1,55.0,Mahmutlar,1200.0,1509.090909090909,comfort
163000.0,1+1,65.0,Kargıcak,150.0,2507.692307692308,lux
72000.0,1+1,55.0,Mahmutlar,1000.0,1309.090909090909,comfort
112500.0,1+1,55.0,Kestel,200.0,2045.4545454545453,comfort
415000.0,4+1,200.0,Alanya(Center),770.0,2075.0,comfort
105000.0,2+1,95.0,Oba,2800.0,1105.2631578947369,econom
89500.0,1+1,70.0,Oba,2800.0,1278.571428571429,econom
107500.0,1+1,60.0,Cikcilli,1000.0,1791.6666666666667,comfort
147000.0,2+1,100.0,Mahmutlar,450.0,1470.0,comfort
96500.0,2+1,110.0,Gazipaşa,1400.0,877.2727272727273,econom
60000.0,1+1,55.0,Avsallar,1300.0,1090.909090909091,econom
52000.0,1+1,59.0,Avsallar,1700.0,881.3559322033898,econom
239900.0,2+1,110.0,Alanya(Center),1700.0,2180.909090909091,comfort
88500.0,1+1,60.0,Kestel,400.0,1475.0,comfort
226000.0,2+1,110.0,Oba,50.0,2054.5454545454545,comfort
79000.0,1+1,65.0,Avsallar,800.0,1215.3846153846157,econom
91000.0,1+1,58.0,Avsallar,800.0,1568.9655172413793,comfort
142000.0,2+1,130.0,Mahmutlar,400.0,1092.3076923076924,econom
163000.0,2+1,100.0,Cikcilli,2500.0,1630.0,comfort
378000.0,3+1,270.0,Tosmur,300.0,1400.0,comfort
460000.0,3+1,161.0,Tosmur,50.0,2857.1428571428573,lux
197500.0,2+1,100.0,Tosmur,500.0,1975.0,comfort
86000.0,1+1,50.0,Oba,3000.0,1720.0,comfort
131500.0,1+1,60.0,Alanya(Center),100.0,2191.6666666666665,comfort
310000.0,2+1,94.0,Cikcilli,1500.0,3297.872340425532,lux
219000.0,2+1,89.0,Oba,450.0,2460.674157303371,comfort
105000.0,2+1,90.0,Mahmutlar,1000.0,1166.6666666666667,econom
105000.0,1+1,41.0,Oba,2000.0,2560.9756097560976,lux
131500.0,2+1,110.0,Kargıcak,200.0,1195.4545454545455,econom
209000.0,2+1,100.0,Tosmur,50.0,2090.0,comfort
238000.0,2+1,79.0,Alanya(Center),325.0,3012.658227848101,lux
165000.0,1+1,53.0,Alanya(Center),350.0,3113.2075471698117,lux
220000.0,2+1,74.0,Alanya(Center),350.0,2972.972972972973,lux
170000.0,1+1,40.0,Oba,2150.0,4250.0,lux
220000.0,1+1,50.0,Alanya(Center),150.0,4400.0,lux
165000.0,1+1,57.0,Alanya(Center),600.0,2894.736842105264,lux
98500.0,2+1,100.0,Gazipaşa,2800.0,985.0,econom
189000.0,2+1,140.0,Mahmutlar,50.0,1350.0,comfort
404500.0,3+1,201.0,Tosmur,300.0,2012.4378109452737,comfort
577500.0,4+1,212.0,Alanya(Center),1500.0,2724.056603773585,lux
136500.0,1+1,54.0,Oba,500.0,2527.777777777778,lux
119000.0,2+1,120.0,Mahmutlar,300.0,991.6666666666666,econom
210000.0,1+1,60.0,Alanya(Center),370.0,3500.0,lux
94500.0,2+1,120.0,Mahmutlar,650.0,787.5,econom
450000.0,3+1,220.0,Kargıcak,4000.0,2045.4545454545453,comfort
373000.0,4+1,220.0,Tosmur,800.0,1695.4545454545455,comfort
128000.0,2+1,140.0,Konaklı,500.0,914.2857142857144,econom
136500.0,1+1,65.0,Mahmutlar,600.0,2100.0,comfort
96500.0,1+1,51.0,Oba,3500.0,1892.156862745098,comfort
110500.0,2+1,111.0,Mahmutlar,750.0,995.4954954954954,econom
107500.0,1+1,55.0,Alanya(Center),400.0,1954.5454545454545,comfort
115500.0,1+1,62.0,Mahmutlar,900.0,1862.903225806452,comfort
110500.0,1+1,73.0,Kargıcak,200.0,1513.6986301369864,comfort
77000.0,1+0,45.0,Mahmutlar,350.0,1711.111111111111,comfort
115500.0,1+1,55.0,Kargıcak,200.0,2100.0,comfort
299500.0,3+1,250.0,Oba,250.0,1198.0,econom
91000.0,2+1,120.0,Mahmutlar,100.0,758.3333333333334,econom
199500.0,2+1,110.0,Cikcilli,2000.0,1813.636363636364,comfort
69500.0,1+1,55.0,Avsallar,1000.0,1263.6363636363635,econom
220500.0,3+1,180.0,Tosmur,50.0,1225.0,econom
136500.0,1+1,45.0,Alanya(Center),250.0,3033.333333333333,lux
165000.0,1+1,52.0,Kargıcak,2700.0,3173.076923076923,lux
131500.0,1+1,53.0,Mahmutlar,900.0,2481.132075471698,comfort
273000.0,4+1,220.0,Oba,850.0,1240.909090909091,econom
140000.0,2+1,110.0,Tosmur,600.0,1272.7272727272727,econom
110500.0,2+1,110.0,Mahmutlar,1500.0,1004.5454545454544,econom
136500.0,1+1,61.0,Kestel,200.0,2237.7049180327867,comfort
90500.0,1+1,50.0,Oba,250.0,1810.0,comfort
121000.0,2+1,105.0,Avsallar,1400.0,1152.3809523809523,econom
87500.0,1+1,60.0,Mahmutlar,350.0,1458.3333333333333,comfort
155500.0,3+1,190.0,Mahmutlar,3000.0,818.421052631579,econom
215500.0,4+1,220.0,Alanya(Center),600.0,979.5454545454544,econom
131500.0,1+1,55.0,Cikcilli,800.0,2390.909090909091,comfort
220500.0,3+1,145.0,Oba,200.0,1520.6896551724135,comfort
124000.0,1+1,50.0,Kargıcak,200.0,2480.0,comfort
92500.0,1+1,65.0,Mahmutlar,300.0,1423.076923076923,comfort
81000.0,1+1,55.0,Mahmutlar,1300.0,1472.7272727272727,comfort
100000.0,1+1,60.0,Mahmutlar,400.0,1666.6666666666667,comfort
89500.0,1+1,60.0,Kargıcak,100.0,1491.6666666666667,comfort
262500.0,3+2,250.0,Mahmutlar,50.0,1050.0,econom
115500.0,1+1,55.0,Avsallar,900.0,2100.0,comfort
163000.0,2+1,130.0,Tosmur,400.0,1253.8461538461538,econom
81000.0,1+1,53.0,Avsallar,2000.0,1528.301886792453,comfort
99000.0,1+1,53.0,Demirtaş,1500.0,1867.9245283018868,comfort
149000.0,1+1,55.0,Oba,2300.0,2709.090909090909,lux
330500.0,2+1,73.0,Mahmutlar,50.0,4527.397260273972,lux
99000.0,3+1,125.0,Mahmutlar,400.0,792.0,econom
136500.0,1+1,55.0,Alanya(Center),800.0,2481.818181818182,comfort
152500.0,3+1,160.0,Cikcilli,900.0,953.125,econom
199500.0,4+1,200.0,Kestel,100.0,997.5,econom
79000.0,1+1,55.0,Mahmutlar,800.0,1436.3636363636365,comfort
241500.0,3+1,220.0,Konaklı,400.0,1097.7272727272727,econom
76000.0,1+1,50.0,Mahmutlar,650.0,1520.0,comfort
155000.0,2+1,115.0,Oba,700.0,1347.8260869565215,comfort
299500.0,3+1,165.0,Cikcilli,700.0,1815.1515151515152,comfort
299500.0,3+1,185.0,Alanya(Center),900.0,1618.918918918919,comfort
110500.0,1+1,55.0,Oba,1800.0,2009.090909090909,comfort
131500.0,1+1,60.0,Cikcilli,800.0,2191.6666666666665,comfort
100000.0,1+1,60.0,Cikcilli,800.0,1666.6666666666667,comfort
146000.0,1+1,70.0,Mahmutlar,350.0,2085.714285714286,comfort
167000.0,2+1,125.0,Konaklı,400.0,1336.0,comfort
178500.0,3+1,160.0,Konaklı,600.0,1115.625,econom
105000.0,2+1,92.0,Mahmutlar,150.0,1141.304347826087,econom
115500.0,2+1,125.0,Tosmur,500.0,924.0,econom
105000.0,2+1,115.0,Mahmutlar,1500.0,913.0434782608696,econom
100000.0,2+1,110.0,Mahmutlar,50.0,909.0909090909092,econom
68500.0,1+1,42.0,Avsallar,1400.0,1630.952380952381,comfort
121000.0,1+1,65.0,Mahmutlar,1500.0,1861.5384615384612,comfort
126000.0,2+1,100.0,Alanya(Center),700.0,1260.0,econom
67000.0,1+1,52.0,Avsallar,1250.0,1288.4615384615386,econom
350000.0,2+1,95.0,Oba,50.0,3684.2105263157896,lux
257500.0,3+1,207.0,Mahmutlar,2000.0,1243.961352657005,econom
100000.0,2+1,110.0,Mahmutlar,350.0,909.0909090909092,econom
79000.0,1+1,46.0,Avsallar,550.0,1717.391304347826,comfort
205000.0,3+1,147.0,Mahmutlar,1500.0,1394.5578231292518,comfort
168000.0,3+1,137.0,Mahmutlar,1500.0,1226.2773722627735,econom
189000.0,3+1,120.0,Oba,2500.0,1575.0,comfort
325500.0,3+1,250.0,Kargıcak,3000.0,1302.0,comfort
268000.0,1+1,55.0,Konaklı,700.0,4872.727272727273,lux
115500.0,1+1,59.0,Mahmutlar,600.0,1957.627118644068,comfort
194500.0,3+1,220.0,Cikcilli,1500.0,884.0909090909091,econom
129500.0,1+1,61.0,Kargıcak,1100.0,2122.9508196721317,comfort
89500.0,1+1,65.0,Mahmutlar,3000.0,1376.923076923077,comfort
75000.0,2+1,100.0,Mahmutlar,250.0,750.0,econom
79000.0,1+1,57.0,Gazipaşa,2750.0,1385.9649122807018,comfort
110500.0,1+1,43.0,Alanya(Center),1200.0,2569.767441860465,lux
178500.0,2+1,90.0,Mahmutlar,500.0,1983.3333333333333,comfort
199500.0,2+1,130.0,Kargıcak,700.0,1534.6153846153843,comfort
110500.0,1+1,65.0,Mahmutlar,1500.0,1700.0,comfort
83000.0,1+1,60.0,Mahmutlar,300.0,1383.3333333333333,comfort
283500.0,3+1,165.0,Mahmutlar,3000.0,1718.1818181818182,comfort
449000.0,3+2,225.0,Alanya(Center),2000.0,1995.555555555556,comfort
189000.0,2+1,100.0,Alanya(Center),1000.0,1890.0,comfort
257500.0,3+1,160.0,Alanya(Center),3500.0,1609.375,comfort
189000.0,2+1,155.0,Alanya(Center),3000.0,1219.354838709677,econom
147000.0,2+1,81.0,Mahmutlar,1800.0,1814.8148148148148,comfort
71500.0,1+1,50.0,Mahmutlar,1200.0,1430.0,comfort
283500.0,3+1,150.0,Oba,1500.0,1890.0,comfort
79000.0,2+1,110.0,Cikcilli,1300.0,718.1818181818181,econom
231000.0,4+2,240.0,Cikcilli,1000.0,962.5,econom
235000.0,1+1,55.0,Oba,300.0,4272.727272727273,lux
160000.0,1+1,59.0,Alanya(Center),700.0,2711.864406779661,lux
169500.0,1+1,57.0,Mahmutlar,10.0,2973.684210526316,lux
89500.0,1+1,50.0,Alanya(Center),700.0,1790.0,comfort
70500.0,1+1,70.0,Oba,2800.0,1007.1428571428572,econom
93500.0,2+1,70.0,Mahmutlar,1800.0,1335.7142857142858,comfort
131500.0,1+1,58.0,Avsallar,1200.0,2267.2413793103447,comfort
105000.0,2+1,105.0,Oba,1200.0,1000.0,econom
112000.0,1+1,81.0,Oba,1500.0,1382.716049382716,comfort
104000.0,1+1,55.0,Avsallar,500.0,1890.909090909091,comfort
252000.0,2+1,117.0,Mahmutlar,200.0,2153.846153846154,comfort
105000.0,1+1,55.0,Mahmutlar,650.0,1909.090909090909,comfort
63500.0,1+1,55.0,Avsallar,900.0,1154.5454545454545,econom
264000.0,1+1,59.0,Tosmur,245.0,4474.576271186441,lux
89500.0,1+1,57.0,Avsallar,2000.0,1570.1754385964912,comfort
49500.0,1+0,36.0,Payallar,2300.0,1375.0,comfort
210000.0,2+1,100.0,Alanya(Center),500.0,2100.0,comfort
235000.0,1+1,55.0,Avsallar,800.0,4272.727272727273,lux
120000.0,1+1,50.0,Avsallar,2000.0,2400.0,comfort
90000.0,1+1,55.0,Avsallar,1000.0,1636.3636363636365,comfort
126000.0,1+1,55.0,Alanya(Center),400.0,2290.909090909091,comfort
236500.0,3+1,160.0,Avsallar,1500.0,1478.125,comfort
87500.0,2+1,110.0,Mahmutlar,500.0,795.4545454545455,econom
148500.0,1+1,81.0,Türkler,300.0,1833.3333333333333,comfort
100000.0,1+1,56.0,Gazipaşa,1600.0,1785.7142857142858,comfort
87500.0,1+1,51.0,Mahmutlar,1500.0,1715.686274509804,comfort
205000.0,4+1,280.0,Kestel,250.0,732.1428571428571,econom
96500.0,1+1,60.0,Kargıcak,300.0,1608.3333333333333,comfort
72500.0,1+1,50.0,Mahmutlar,1500.0,1450.0,comfort
161000.0,2+1,95.0,Oba,300.0,1694.7368421052631,comfort
115500.0,1+1,65.0,Oba,500.0,1776.923076923077,comfort
99000.0,1+1,56.0,Okurcalar,100.0,1767.857142857143,comfort
122500.0,1+1,55.0,Mahmutlar,600.0,2227.2727272727275,comfort
60000.0,1+1,58.0,Türkler,2300.0,1034.4827586206898,econom
85000.0,1+1,58.0,Avsallar,1300.0,1465.5172413793102,comfort
177500.0,2+1,125.0,Tosmur,300.0,1420.0,comfort
92000.0,1+1,62.0,Oba,3500.0,1483.8709677419354,comfort
83000.0,1+1,55.0,Demirtaş,2000.0,1509.090909090909,comfort
205000.0,3+1,120.0,Kestel,400.0,1708.3333333333333,comfort
108000.0,1+1,65.0,Mahmutlar,500.0,1661.5384615384614,comfort
106500.0,1+1,55.0,Demirtaş,1300.0,1936.3636363636365,comfort
106500.0,1+1,55.0,Demirtaş,1300.0,1936.3636363636365,comfort
105000.0,1+1,52.0,Oba,1500.0,2019.2307692307693,comfort
199000.0,1+1,60.0,Oba,400.0,3316.6666666666665,lux
236500.0,3+2,190.0,Oba,300.0,1244.7368421052631,econom
271000.0,3+1,250.0,Cikcilli,2000.0,1084.0,econom
110500.0,3+1,165.0,Tosmur,150.0,669.6969696969697,econom
178500.0,1+1,70.0,Oba,1000.0,2550.0,lux
100000.0,1+1,45.0,Oba,400.0,2222.222222222222,comfort
72000.0,1+1,50.0,Oba,2000.0,1440.0,comfort
159000.0,1+1,50.0,Avsallar,700.0,3180.0,lux
118000.0,1+1,55.0,Avsallar,800.0,2145.454545454545,comfort
90000.0,1+1,47.0,Oba,2500.0,1914.893617021277,comfort
80500.0,1+1,60.0,Avsallar,1200.0,1341.6666666666667,comfort
175000.0,1+1,51.0,Oba,2000.0,3431.372549019608,lux
125000.0,1+1,50.0,Oba,2500.0,2500.0,comfort
168000.0,2+1,100.0,Oba,1900.0,1680.0,comfort
119000.0,1+1,65.0,Oba,300.0,1830.7692307692307,comfort
315000.0,4+1,275.0,Tosmur,500.0,1145.4545454545455,econom
157500.0,2+1,110.0,Alanya(Center),750.0,1431.8181818181818,comfort
488500.0,4+1,200.0,Alanya(Center),2500.0,2442.5,comfort
136000.0,1+1,48.0,Gazipaşa,1800.0,2833.333333333333,lux
185000.0,2+1,59.0,Alanya(Center),1200.0,3135.593220338983,lux
87000.0,1+1,47.0,Avsallar,1200.0,1851.063829787234,comfort
86250.0,1+1,73.0,Payallar,2500.0,1181.5068493150684,econom
173500.0,5+1,250.0,Avsallar,450.0,694.0,econom
199000.0,1+1,57.0,Alanya(Center),500.0,3491.2280701754385,lux
278500.0,3+1,142.0,Oba,750.0,1961.2676056338028,comfort
110000.0,1+1,53.0,Oba,2000.0,2075.471698113208,comfort
111250.0,1+1,50.0,Gazipaşa,1000.0,2225.0,comfort
87000.0,1+1,59.0,Demirtaş,2000.0,1474.5762711864406,comfort
132000.0,1+1,55.0,Alanya(Center),300.0,2400.0,comfort
87000.0,1+1,50.0,Gazipaşa,800.0,1740.0,comfort
60500.0,1+1,40.0,Gazipaşa,2500.0,1512.5,comfort
136500.0,2+1,105.0,Mahmutlar,450.0,1300.0,econom
91000.0,1+1,47.0,Avsallar,550.0,1936.1702127659576,comfort
153500.0,3+1,110.0,Gazipaşa,500.0,1395.4545454545455,comfort
350000.0,1+1,56.0,Kargıcak,500.0,6250.0,lux
183000.0,1+1,53.0,Mahmutlar,700.0,3452.830188679245,lux
199000.0,1+1,60.0,Tosmur,700.0,3316.6666666666665,lux
102000.0,1+1,49.0,Gazipaşa,800.0,2081.6326530612246,comfort
128000.0,1+1,47.0,Gazipaşa,800.0,2723.404255319149,lux
315000.0,3+1,150.0,Tosmur,50.0,2100.0,comfort
98000.0,1+1,59.0,Gazipaşa,1200.0,1661.0169491525423,comfort
129000.0,1+1,55.0,Oba,2700.0,2345.454545454545,comfort
129000.0,1+1,55.0,Oba,1500.0,2345.454545454545,comfort
93000.0,2+1,95.0,Payallar,3000.0,978.9473684210526,econom
209000.0,2+1,100.0,Tosmur,500.0,2090.0,comfort
120000.0,1+1,46.0,Demirtaş,500.0,2608.695652173913,lux
89000.0,1+1,45.0,Demirtaş,3500.0,1977.7777777777776,comfort
170000.0,1+1,55.0,Alanya(Center),250.0,3090.909090909091,lux
320500.0,2+1,110.0,Oba,850.0,2913.6363636363635,lux
159000.0,2+1,75.0,Mahmutlar,1300.0,2120.0,comfort
99000.0,1+1,55.0,Gazipaşa,1500.0,1800.0,comfort
125000.0,1+1,55.0,Oba,2100.0,2272.7272727272725,comfort
198500.0,4+1,244.0,Mahmutlar,250.0,813.5245901639345,econom
115500.0,2+1,118.0,Gazipaşa,4000.0,978.813559322034,econom
330000.0,3+1,150.0,Oba,50.0,2200.0,comfort
80500.0,1+1,45.0,Avsallar,1000.0,1788.888888888889,comfort
385000.0,4+1,220.0,Oba,800.0,1750.0,comfort
79000.0,1+1,46.0,Demirtaş,1500.0,1717.391304347826,comfort
265000.0,3+1,220.0,Kargıcak,1500.0,1204.5454545454545,econom
236500.0,3+1,150.0,Kestel,300.0,1576.6666666666667,comfort
110500.0,1+1,55.0,Oba,2500.0,2009.090909090909,comfort
93500.0,1+1,52.0,Mahmutlar,800.0,1798.076923076923,comfort
103000.0,1+1,50.0,Gazipaşa,1700.0,2060.0,comfort
252000.0,3+1,190.0,Alanya(Center),750.0,1326.3157894736842,comfort
90000.0,1+1,65.0,Demirtaş,2500.0,1384.6153846153843,comfort
119000.0,1+1,46.0,Avsallar,700.0,2586.9565217391305,lux
262500.0,3+1,140.0,Alanya(Center),500.0,1875.0,comfort
121000.0,1+1,56.0,Alanya(Center),950.0,2160.714285714286,comfort
570000.0,3+1,218.0,Alanya(Center),2000.0,2614.678899082569,lux
176000.0,2+1,130.0,Mahmutlar,500.0,1353.8461538461538,comfort
157500.0,1+1,70.0,Tosmur,450.0,2250.0,comfort
280000.0,1+1,61.0,Mahmutlar,50.0,4590.163934426229,lux
472500.0,3+1,220.0,Avsallar,1000.0,2147.7272727272725,comfort
80500.0,1+1,42.0,Oba,400.0,1916.6666666666667,comfort
247000.0,2+1,120.0,Cikcilli,700.0,2058.333333333333,comfort
184000.0,2+1,110.0,Oba,200.0,1672.7272727272727,comfort
120000.0,1+1,41.0,Oba,2400.0,2926.829268292683,lux
90000.0,1+1,62.0,Mahmutlar,400.0,1451.6129032258063,comfort
147000.0,1+1,56.0,Mahmutlar,750.0,2625.0,lux
209000.0,1+1,65.0,Alanya(Center),100.0,3215.3846153846152,lux
169000.0,1+1,65.0,Alanya(Center),1000.0,2600.0,lux
159500.0,1+1,65.0,Cikcilli,1700.0,2453.846153846154,comfort
189000.0,1+1,52.0,Alanya(Center),400.0,3634.6153846153848,lux
97000.0,1+1,59.0,Avsallar,1000.0,1644.0677966101696,comfort
189500.0,1+1,60.0,Alanya(Center),650.0,3158.333333333333,lux
130000.0,1+1,47.0,Oba,2000.0,2765.9574468085107,lux
182000.0,1+1,65.0,Tosmur,50.0,2800.0,lux
124500.0,1+1,55.0,Kargıcak,100.0,2263.6363636363635,comfort
80000.0,1+1,65.0,Oba,2000.0,1230.7692307692307,econom
132000.0,1+1,56.0,Kargıcak,280.0,2357.1428571428573,comfort
472500.0,2+1,120.0,Mahmutlar,50.0,3937.5,lux
467500.0,2+1,120.0,Mahmutlar,50.0,3895.8333333333335,lux
89000.0,1+1,65.0,Kargıcak,600.0,1369.2307692307693,comfort
115500.0,2+1,100.0,Payallar,1400.0,1155.0,econom
105000.0,1+1,65.0,Oba,4000.0,1615.3846153846157,comfort
86000.0,1+1,67.0,Payallar,2800.0,1283.5820895522388,econom
170000.0,1+1,55.0,Kestel,900.0,3090.909090909091,lux
167500.0,1+1,57.0,Kargıcak,300.0,2938.59649122807,lux
150000.0,1+1,50.0,Kestel,2000.0,3000.0,lux
142000.0,2+1,80.0,Mahmutlar,400.0,1775.0,comfort
273000.0,4+1,250.0,Oba,2500.0,1092.0,econom
90000.0,1+1,56.0,Payallar,2000.0,1607.142857142857,comfort
125000.0,1+1,56.0,Türkler,450.0,2232.1428571428573,comfort
95000.0,1+1,47.0,Demirtaş,2300.0,2021.276595744681,comfort
95000.0,1+0,46.0,Gazipaşa,2500.0,2065.217391304348,comfort
400000.0,3+2,291.0,Avsallar,1800.0,1374.570446735395,comfort
95000.0,1+1,57.0,Payallar,2500.0,1666.6666666666667,comfort
107000.0,2+1,65.0,Okurcalar,230.0,1646.1538461538462,comfort
121000.0,1+1,58.0,Mahmutlar,600.0,2086.206896551724,comfort
184000.0,1+1,85.0,Türkler,300.0,2164.705882352941,comfort
147500.0,1+1,49.0,Oba,1100.0,3010.204081632653,lux
250000.0,1+1,67.0,Konaklı,300.0,3731.3432835820895,lux
105000.0,1+1,60.0,Avsallar,1200.0,1750.0,comfort
305000.0,1+1,55.0,Kestel,50.0,5545.454545454545,lux
240000.0,1+1,59.0,Oba,280.0,4067.796610169492,lux
290000.0,2+1,130.0,Oba,2500.0,2230.769230769231,comfort
255000.0,5+1,280.0,Alanya(Center),1000.0,910.7142857142856,econom
106000.0,1+1,50.0,Payallar,1000.0,2120.0,comfort
143000.0,1+1,55.0,Kargıcak,1000.0,2600.0,lux
104900.0,1+1,50.0,Gazipaşa,1400.0,2098.0,comfort
300000.0,2+1,110.0,Oba,1700.0,2727.2727272727275,lux
203500.0,2+1,120.0,Cikcilli,1500.0,1695.8333333333333,comfort
132500.0,1+1,52.0,Oba,3000.0,2548.076923076923,lux
252000.0,3+1,165.0,Alanya(Center),5000.0,1527.2727272727273,comfort
130000.0,1+1,52.0,Oba,2500.0,2500.0,comfort
1500000.0,4+1,298.0,Alanya(Center),3000.0,5033.557046979866,lux
116350.0,1+1,51.0,Oba,2300.0,2281.372549019608,comfort
140000.0,1+1,46.0,Kargıcak,100.0,3043.478260869565,lux
66000.0,1+1,52.0,Gazipaşa,1700.0,1269.2307692307693,econom
145000.0,1+1,62.0,Kargıcak,100.0,2338.709677419354,comfort
328000.0,1+1,65.0,Oba,750.0,5046.153846153846,lux
225000.0,2+1,86.0,Oba,1600.0,2616.279069767442,lux
165000.0,1+1,56.0,Oba,1600.0,2946.428571428572,lux
195000.0,2+1,65.0,Alanya(Center),750.0,3000.0,lux
420000.0,3+1,220.0,Konaklı,1000.0,1909.090909090909,comfort
117000.0,1+1,58.0,Avsallar,1200.0,2017.2413793103449,comfort
172000.0,1+1,75.0,Kargıcak,400.0,2293.333333333333,comfort
210000.0,1+1,55.0,Alanya(Center),150.0,3818.181818181818,lux
1200000.0,4+1,272.0,Kargıcak,3500.0,4411.764705882353,lux
205500.0,2+1,61.0,Alanya(Center),650.0,3368.8524590163934,lux
185000.0,1+1,60.0,Kargıcak,300.0,3083.333333333333,lux
250000.0,1+1,65.0,Oba,350.0,3846.153846153846,lux
85400.0,1+1,48.0,Demirtaş,2700.0,1779.1666666666667,comfort
751000.0,3+1,110.0,Alanya(Center),500.0,6827.272727272727,lux
178000.0,1+1,58.0,Kargıcak,100.0,3068.9655172413795,lux
220000.0,1+1,84.0,Kargıcak,3000.0,2619.0476190476197,lux
173500.0,2+1,115.0,Cikcilli,1000.0,1508.695652173913,comfort
161805.0,1+1,48.0,Tosmur,800.0,3370.9375,lux
169000.0,1+1,65.0,Oba,3000.0,2600.0,lux
259000.0,3+1,138.0,Oba,2500.0,1876.8115942028985,comfort
105000.0,1+1,54.0,Mahmutlar,900.0,1944.4444444444443,comfort
209000.0,1+1,57.0,Alanya(Center),100.0,3666.6666666666665,lux
115000.0,1+1,57.0,Avsallar,900.0,2017.5438596491229,comfort
226000.0,4+1,170.0,Cikcilli,1200.0,1329.4117647058824,comfort
158000.0,2+1,75.0,Alanya(Center),2000.0,2106.6666666666665,comfort
160500.0,1+1,47.0,Tosmur,800.0,3414.8936170212764,lux
255000.0,2+1,90.0,Mahmutlar,450.0,2833.333333333333,lux
290000.0,3+1,150.0,Alanya(Center),800.0,1933.3333333333333,comfort
136400.0,1+1,51.0,Avsallar,900.0,2674.5098039215686,lux
105000.0,1+1,47.0,Gazipaşa,1200.0,2234.0425531914893,comfort
110000.0,1+1,66.0,Kargıcak,200.0,1666.6666666666667,comfort
399000.0,2+1,107.0,Alanya(Center),400.0,3728.971962616823,lux
792000.0,4+2,280.0,Gazipaşa,500.0,2828.5714285714284,lux
560000.0,3+1,180.0,Cikcilli,750.0,3111.1111111111118,lux
146000.0,1+1,60.0,Demirtaş,400.0,2433.333333333333,comfort
181500.0,1+1,55.0,Oba,460.0,3300.0,lux
114000.0,1+1,55.0,Avsallar,1000.0,2072.7272727272725,comfort
154000.0,2+1,110.0,Gazipaşa,2000.0,1400.0,comfort
159500.0,2+1,120.0,Gazipaşa,700.0,1329.1666666666667,comfort
115000.0,1+1,60.0,Avsallar,1200.0,1916.6666666666667,comfort
143000.0,1+1,58.0,Oba,2500.0,2465.5172413793102,comfort
209000.0,2+1,115.0,Alanya(Center),100.0,1817.391304347826,comfort
154000.0,1+1,60.0,Mahmutlar,250.0,2566.6666666666665,lux
242000.0,3+1,135.0,Alanya(Center),375.0,1792.5925925925926,comfort
176000.0,1+1,42.0,Kestel,750.0,4190.476190476191,lux
86000.0,1+1,52.0,Oba,2500.0,1653.8461538461538,comfort
140000.0,1+1,50.0,Kestel,60.0,2800.0,lux
70000.0,1+1,54.0,Mahmutlar,1000.0,1296.2962962962963,econom
198000.0,2+1,100.0,Alanya(Center),600.0,1980.0,comfort
154000.0,1+1,55.0,Oba,2000.0,2800.0,lux
100000.0,2+1,75.0,Mahmutlar,200.0,1333.3333333333333,comfort
242000.0,2+1,110.0,Cikcilli,1000.0,2200.0,comfort
132000.0,1+1,45.0,Gazipaşa,500.0,2933.333333333333,lux
286000.0,2+1,117.0,Alanya(Center),300.0,2444.4444444444443,comfort
630000.0,3+1,250.0,Gazipaşa,200.0,2520.0,lux
149000.0,2+1,89.0,Kargıcak,400.0,1674.1573033707866,comfort
89000.0,1+1,55.0,Mahmutlar,850.0,1618.1818181818182,comfort
161000.0,1+1,70.0,Tosmur,250.0,2300.0,comfort
199000.0,2+1,110.0,Avsallar,950.0,1809.090909090909,comfort
289000.0,4+1,270.0,Mahmutlar,500.0,1070.3703703703704,econom
136500.0,1+1,57.0,Mahmutlar,600.0,2394.736842105264,comfort
110000.0,1+1,65.0,Avsallar,800.0,1692.3076923076924,comfort
262500.0,3+1,120.0,Oba,3000.0,2187.5,comfort
500000.0,2+1,120.0,Kestel,50.0,4166.666666666667,lux
367500.0,3+1,185.0,Mahmutlar,250.0,1986.4864864864865,comfort
156000.0,2+1,76.0,Avsallar,1100.0,2052.6315789473683,comfort
146000.0,2+1,140.0,Mahmutlar,150.0,1042.857142857143,econom
450000.0,3+1,140.0,Oba,400.0,3214.285714285714,lux
139000.0,1+1,65.0,Payallar,700.0,2138.4615384615386,comfort
140000.0,1+1,54.0,Kargıcak,2500.0,2592.5925925925926,lux
140000.0,1+1,65.0,Avsallar,950.0,2153.846153846154,comfort
120000.0,1+1,50.0,Gazipaşa,500.0,2400.0,comfort
110500.0,1+1,57.0,Alanya(Center),650.0,1938.59649122807,comfort
940000.0,3+1,226.0,Alanya(Center),3900.0,4159.29203539823,lux
163000.0,1+1,45.0,Cikcilli,1800.0,3622.222222222222,lux
99000.0,1+1,55.0,Mahmutlar,250.0,1800.0,comfort
660000.0,3+1,200.0,Oba,5000.0,3300.0,lux
180000.0,1+1,40.0,Alanya(Center),2000.0,4500.0,lux
239000.0,1+1,60.0,Kestel,50.0,3983.3333333333335,lux
149000.0,1+1,50.0,Alanya(Center),650.0,2980.0,lux
96000.0,1+1,43.0,Gazipaşa,750.0,2232.558139534884,comfort
314000.0,3+1,144.0,Avsallar,1500.0,2180.555555555556,comfort
352000.0,2+1,92.0,Kargıcak,310.0,3826.086956521739,lux
93500.0,1+1,55.0,Mahmutlar,550.0,1700.0,comfort
136500.0,1+1,55.0,Payallar,650.0,2481.818181818182,comfort
88500.0,1+1,48.0,Mahmutlar,630.0,1843.75,comfort
84000.0,1+1,55.0,Mahmutlar,800.0,1527.2727272727273,comfort
131500.0,1+1,51.0,Mahmutlar,800.0,2578.43137254902,lux
749000.0,4+1,245.0,Alanya(Center),4000.0,3057.1428571428573,lux
310000.0,2+1,103.0,Alanya(Center),700.0,3009.7087378640776,lux
152500.0,1+1,51.0,Oba,2000.0,2990.1960784313724,lux
96500.0,1+1,65.0,Payallar,2450.0,1484.6153846153843,comfort
237000.0,1+1,69.0,Alanya(Center),150.0,3434.782608695652,lux
110500.0,1+1,55.0,Mahmutlar,700.0,2009.090909090909,comfort
200000.0,2+1,85.0,Mahmutlar,600.0,2352.9411764705883,comfort
167000.0,1+1,58.0,Oba,2800.0,2879.310344827586,lux
165000.0,2+1,89.0,Tosmur,550.0,1853.9325842696628,comfort
195000.0,2+1,110.0,Oba,3000.0,1772.7272727272727,comfort
108000.0,1+1,57.0,Avsallar,800.0,1894.7368421052631,comfort
148500.0,1+1,60.0,Cikcilli,800.0,2475.0,comfort
125000.0,1+1,55.0,Mahmutlar,1100.0,2272.7272727272725,comfort
136000.0,1+1,50.0,Oba,2700.0,2720.0,lux
87000.0,1+1,50.0,Avsallar,1700.0,1740.0,comfort
85500.0,1+1,50.0,Payallar,900.0,1710.0,comfort
148500.0,1+1,55.0,Kestel,400.0,2700.0,lux
93500.0,1+1,42.0,Avsallar,1400.0,2226.190476190476,comfort
214500.0,2+1,110.0,Mahmutlar,500.0,1950.0,comfort
299000.0,2+1,102.0,Kestel,30.0,2931.372549019608,lux
194500.0,1+1,58.0,Alanya(Center),700.0,3353.448275862069,lux
115000.0,1+1,50.0,Mahmutlar,800.0,2300.0,comfort
124000.0,1+1,52.0,Kargıcak,500.0,2384.6153846153848,comfort
99500.0,1+1,63.0,Payallar,1900.0,1579.3650793650793,comfort
96500.0,1+1,74.0,Avsallar,1700.0,1304.054054054054,comfort
110400.0,1+1,49.0,Demirtaş,1200.0,2253.061224489796,comfort
129000.0,1+1,57.0,Konaklı,1400.0,2263.157894736842,comfort
110000.0,2+1,97.0,Payallar,2200.0,1134.020618556701,econom
240000.0,1+1,50.0,Alanya(Center),450.0,4800.0,lux
72500.0,1+1,55.0,Payallar,780.0,1318.1818181818182,comfort
115000.0,1+1,50.0,Avsallar,1500.0,2300.0,comfort
124120.0,1+1,51.0,Gazipaşa,700.0,2433.725490196078,comfort
126000.0,2+1,115.0,Mahmutlar,1500.0,1095.6521739130435,econom
105000.0,2+1,75.0,Avsallar,1300.0,1400.0,comfort
136500.0,2+1,150.0,Mahmutlar,100.0,910.0,econom
120000.0,2+1,102.0,Oba,2000.0,1176.470588235294,econom
146000.0,2+1,110.0,Oba,1000.0,1327.2727272727273,comfort
135000.0,1+1,52.0,Oba,3000.0,2596.153846153846,lux
95000.0,1+1,57.0,Payallar,1200.0,1666.6666666666667,comfort
600000.0,4+2,250.0,Kargıcak,1600.0,2400.0,comfort
209000.0,2+1,110.0,Oba,650.0,1900.0,comfort
129000.0,1+1,52.0,Oba,1750.0,2480.769230769231,comfort
102000.0,2+1,110.0,Mahmutlar,450.0,927.2727272727273,econom
178500.0,2+1,120.0,Tosmur,250.0,1487.5,comfort
115000.0,1+1,50.0,Mahmutlar,1400.0,2300.0,comfort
125000.0,1+1,50.0,Oba,2000.0,2500.0,comfort
118000.0,1+1,61.0,Oba,2800.0,1934.426229508197,comfort
240000.0,1+1,65.0,Oba,350.0,3692.307692307693,lux
215000.0,1+1,67.0,Alanya(Center),600.0,3208.955223880597,lux
189500.0,1+1,67.0,Alanya(Center),450.0,2828.358208955224,lux
104500.0,1+1,47.0,Gazipaşa,1100.0,2223.404255319149,comfort
260000.0,2+1,100.0,Cikcilli,800.0,2600.0,lux
154000.0,3+1,175.0,Gazipaşa,2000.0,880.0,econom
132000.0,1+1,75.0,Mahmutlar,350.0,1760.0,comfort
125000.0,1+1,51.0,Oba,3000.0,2450.9803921568628,comfort
170500.0,2+1,110.0,Avsallar,2000.0,1550.0,comfort
129000.0,1+1,58.0,Gazipaşa,2200.0,2224.137931034483,comfort
315000.0,2+1,79.0,Alanya(Center),1800.0,3987.3417721518986,lux
200200.0,1+1,44.0,Kestel,230.0,4550.0,lux
198000.0,1+1,65.0,Alanya(Center),250.0,3046.153846153846,lux
172000.0,1+1,51.0,Oba,2500.0,3372.549019607843,lux
139000.0,2+1,140.0,Mahmutlar,600.0,992.8571428571428,econom
241500.0,2+1,110.0,Demirtaş,500.0,2195.454545454545,comfort
236500.0,3+1,140.0,Oba,300.0,1689.2857142857142,comfort
242000.0,2+1,130.0,Kestel,250.0,1861.5384615384612,comfort
110000.0,2+1,65.0,Avsallar,1700.0,1692.3076923076924,comfort
121000.0,1+1,65.0,Kestel,50.0,1861.5384615384612,comfort
119000.0,1+1,51.0,Gazipaşa,2400.0,2333.333333333333,comfort
190000.0,2+1,74.0,Alanya(Center),250.0,2567.5675675675675,lux
135750.0,1+1,56.0,Payallar,2500.0,2424.1071428571427,comfort
169000.0,1+1,58.0,Kestel,500.0,2913.793103448276,lux
160000.0,1+1,47.0,Mahmutlar,700.0,3404.255319148936,lux
187000.0,2+1,80.0,Mahmutlar,650.0,2337.5,comfort
187500.0,1+1,57.0,Oba,1400.0,3289.4736842105262,lux
95000.0,1+1,59.0,Payallar,2000.0,1610.1694915254238,comfort
95000.0,1+1,54.0,Mahmutlar,1500.0,1759.2592592592594,comfort
146500.0,1+1,55.0,Oba,2000.0,2663.6363636363635,lux
175000.0,1+1,50.0,Kargıcak,2500.0,3500.0,lux
96500.0,1+1,64.0,Avsallar,1700.0,1507.8125,comfort
440000.0,3+1,150.0,Cikcilli,1900.0,2933.333333333333,lux
220000.0,2+1,120.0,Kestel,250.0,1833.3333333333333,comfort
265500.0,1+1,58.0,Tosmur,245.0,4577.586206896552,lux
157500.0,1+1,56.0,Kargıcak,300.0,2812.5,lux
490000.0,3+2,248.0,Kestel,5600.0,1975.8064516129032,comfort
105000.0,1+1,48.0,Gazipaşa,300.0,2187.5,comfort
95000.0,1+1,57.0,Gazipaşa,3000.0,1666.6666666666667,comfort
130000.0,1+1,55.0,Mahmutlar,1500.0,2363.6363636363635,comfort
690000.0,4+1,275.0,Oba,8000.0,2509.090909090909,lux
102500.0,1+1,61.0,Payallar,2000.0,1680.327868852459,comfort
106000.0,1+1,53.0,Mahmutlar,800.0,2000.0,comfort
256500.0,2+1,105.0,Konaklı,300.0,2442.8571428571427,comfort
110000.0,1+1,50.0,Oba,4000.0,2200.0,comfort
495000.0,3+1,175.0,Alanya(Center),300.0,2828.5714285714284,lux
466000.0,3+2,210.0,Oba,150.0,2219.0476190476197,comfort
330000.0,2+1,110.0,Tosmur,50.0,3000.0,lux
403000.0,1+1,50.0,Alanya(Center),500.0,8060.0,lux
150000.0,1+1,52.0,Mahmutlar,1200.0,2884.6153846153848,lux
145000.0,1+1,50.0,Kargıcak,217.0,2900.0,lux
385000.0,3+2,280.0,Alanya(Center),2500.0,1375.0,comfort
365000.0,4+1,163.0,Alanya(Center),200.0,2239.2638036809817,comfort
96500.0,1+1,51.0,Avsallar,1000.0,1892.156862745098,comfort
198000.0,1+1,78.0,Alanya(Center),180.0,2538.4615384615386,lux
198000.0,1+1,62.0,Kargıcak,100.0,3193.548387096774,lux
150000.0,1+1,88.0,Kargıcak,2200.0,1704.5454545454545,comfort
85900.0,1+1,54.0,Avsallar,2000.0,1590.7407407407406,comfort
775000.0,3+1,200.0,Mahmutlar,3000.0,3875.0,lux
318000.0,2+1,163.0,Oba,900.0,1950.920245398773,comfort
233000.0,1+1,54.0,Alanya(Center),50.0,4314.814814814815,lux
385000.0,3+1,150.0,Oba,460.0,2566.6666666666665,lux
385000.0,3+1,153.0,Alanya(Center),900.0,2516.3398692810456,lux
97000.0,1+1,55.0,Mahmutlar,450.0,1763.6363636363635,comfort
148000.0,1+1,55.0,Oba,1700.0,2690.909090909091,lux
278000.0,3+1,170.0,Alanya(Center),4000.0,1635.2941176470588,comfort
180000.0,1+1,50.0,Alanya(Center),650.0,3600.0,lux
78000.0,1+1,55.0,Mahmutlar,850.0,1418.1818181818182,comfort
100000.0,1+1,54.0,Mahmutlar,300.0,1851.851851851852,comfort
100000.0,1+1,58.0,Mahmutlar,200.0,1724.1379310344828,comfort
275000.0,1+1,63.0,Kargıcak,30.0,4365.079365079365,lux
155000.0,1+1,67.0,Oba,550.0,2313.4328358208954,comfort
225000.0,2+1,90.0,Kestel,50.0,2500.0,comfort
154000.0,1+1,62.0,Kestel,50.0,2483.870967741936,comfort
275000.0,2+1,180.0,Cikcilli,800.0,1527.7777777777778,comfort
143000.0,2+1,105.0,Kargıcak,1700.0,1361.904761904762,comfort
169500.0,2+1,83.0,Mahmutlar,750.0,2042.1686746987957,comfort
109000.0,1+0,40.0,Kestel,50.0,2725.0,lux
104500.0,1+1,41.0,Cikcilli,1200.0,2548.7804878048782,lux
120000.0,1+1,51.0,Mahmutlar,3000.0,2352.9411764705883,comfort
113000.0,2+1,100.0,Mahmutlar,300.0,1130.0,econom
192500.0,2+1,120.0,Mahmutlar,3000.0,1604.1666666666667,comfort
94000.0,1+1,44.0,Avsallar,1400.0,2136.3636363636365,comfort
140000.0,1+1,60.0,Mahmutlar,550.0,2333.333333333333,comfort
170500.0,2+1,100.0,Mahmutlar,150.0,1705.0,comfort
148500.0,2+1,115.0,Mahmutlar,1500.0,1291.304347826087,econom
352000.0,2+1,112.0,Mahmutlar,250.0,3142.8571428571427,lux
236500.0,4+1,183.0,Mahmutlar,300.0,1292.3497267759562,econom
209000.0,1+1,55.0,Tosmur,200.0,3800.0,lux
264000.0,4+1,260.0,Kargıcak,400.0,1015.3846153846154,econom
147000.0,1+1,55.0,Okurcalar,580.0,2672.7272727272725,lux
297000.0,5+1,280.0,Kestel,250.0,1060.7142857142858,econom
181500.0,3+1,130.0,Mahmutlar,300.0,1396.1538461538462,comfort
187000.0,1+1,97.0,Mahmutlar,600.0,1927.835051546392,comfort
176000.0,2+1,85.0,Oba,2000.0,2070.5882352941176,comfort
134500.0,2+1,160.0,Mahmutlar,2500.0,840.625,econom
346500.0,2+1,120.0,Kargıcak,200.0,2887.5,lux
219000.0,1+1,49.0,Avsallar,350.0,4469.3877551020405,lux
187000.0,2+1,125.0,Mahmutlar,50.0,1496.0,comfort
137500.0,2+1,100.0,Oba,2000.0,1375.0,comfort
187000.0,2+1,110.0,Mahmutlar,1500.0,1700.0,comfort
147500.0,1+1,65.0,Mahmutlar,50.0,2269.230769230769,comfort
220000.0,2+1,110.0,Mahmutlar,50.0,2000.0,comfort
110000.0,1+1,54.0,Payallar,2000.0,2037.037037037037,comfort
181500.0,2+1,110.0,Mahmutlar,250.0,1650.0,comfort
412500.0,4+1,200.0,Kestel,70.0,2062.5,comfort
148500.0,2+1,115.0,Mahmutlar,500.0,1291.304347826087,econom
291500.0,3+1,260.0,Mahmutlar,500.0,1121.1538461538462,econom
181500.0,1+1,68.0,Mahmutlar,500.0,2669.1176470588234,lux
258500.0,4+1,170.0,Mahmutlar,800.0,1520.5882352941176,comfort
253000.0,1+1,55.0,Mahmutlar,50.0,4600.0,lux
155000.0,1+1,45.0,Oba,1800.0,3444.4444444444443,lux
264000.0,2+1,133.0,Mahmutlar,150.0,1984.9624060150377,comfort
131000.0,1+1,50.0,Oba,2000.0,2620.0,lux
105000.0,2+1,97.0,Avsallar,1500.0,1082.4742268041236,econom
162000.0,1+1,60.0,Mahmutlar,0.0,2700.0,lux
95300.0,1+1,51.0,Avsallar,1200.0,1868.6274509803925,comfort
79000.0,1+1,50.0,Gazipaşa,1500.0,1580.0,comfort
315000.0,2+1,90.0,Mahmutlar,50.0,3500.0,lux
385000.0,4+1,250.0,Mahmutlar,250.0,1540.0,comfort
260500.0,1+1,53.0,Oba,400.0,4915.094339622641,lux
105000.0,1+1,48.0,Payallar,1800.0,2187.5,comfort
241500.0,4+1,220.0,Mahmutlar,400.0,1097.7272727272727,econom
143000.0,2+1,110.0,Mahmutlar,400.0,1300.0,econom
264000.0,5+1,220.0,Mahmutlar,500.0,1200.0,econom
211500.0,2+1,140.0,Mahmutlar,500.0,1510.7142857142858,comfort
143000.0,5+1,180.0,Avsallar,900.0,794.4444444444445,econom
258500.0,4+1,286.0,Kargıcak,2000.0,903.8461538461538,econom
139500.0,2+2,117.0,Mahmutlar,450.0,1192.3076923076924,econom
374000.0,2+1,216.0,Mahmutlar,20.0,1731.4814814814815,comfort
264000.0,4+1,200.0,Kestel,200.0,1320.0,comfort
264000.0,2+1,168.0,Kestel,100.0,1571.428571428571,comfort
175000.0,2+1,130.0,Mahmutlar,50.0,1346.1538461538462,comfort
192500.0,2+1,125.0,Mahmutlar,200.0,1540.0,comfort
262500.0,2+1,130.0,Mahmutlar,50.0,2019.2307692307693,comfort
123000.0,1+1,46.0,Mahmutlar,2500.0,2673.913043478261,lux
104500.0,2+1,125.0,Mahmutlar,1400.0,836.0,econom
116000.0,1+1,47.0,Okurcalar,100.0,2468.0851063829787,comfort
153250.0,1+1,55.0,Mahmutlar,900.0,2786.3636363636365,lux
180000.0,1+1,54.0,Türkler,200.0,3333.333333333333,lux
123500.0,2+1,106.0,Mahmutlar,1200.0,1165.0943396226414,econom
231000.0,2+1,110.0,Mahmutlar,50.0,2100.0,comfort
140000.0,1+1,60.0,Alanya(Center),600.0,2333.333333333333,comfort
225000.0,2+1,102.0,Mahmutlar,700.0,2205.8823529411766,comfort
120000.0,1+1,55.0,Okurcalar,450.0,2181.818181818182,comfort
109000.0,1+1,46.0,Kargıcak,350.0,2369.5652173913045,comfort
240000.0,1+1,65.0,Kargıcak,50.0,3692.307692307693,lux
175000.0,2+1,120.0,Mahmutlar,350.0,1458.3333333333333,comfort
223000.0,2+1,115.0,Mahmutlar,25.0,1939.1304347826087,comfort
290000.0,2+1,91.0,Konaklı,300.0,3186.813186813187,lux
195000.0,3+1,147.0,Gazipaşa,1300.0,1326.530612244898,comfort
1190000.0,4+2,235.0,Kargıcak,4500.0,5063.829787234043,lux
145000.0,1+1,63.0,Mahmutlar,3000.0,2301.5873015873017,comfort
92000.0,1+1,51.0,Avsallar,2000.0,1803.921568627451,comfort
214500.0,2+1,115.0,Mahmutlar,50.0,1865.217391304348,comfort
135000.0,1+1,48.0,Avsallar,500.0,2812.5,lux
127000.0,1+1,56.0,Oba,3000.0,2267.8571428571427,comfort
409000.0,2+1,110.0,Cikcilli,900.0,3718.181818181818,lux
220000.0,1+1,55.0,Kargıcak,30.0,4000.0,lux
690000.0,2+1,248.0,Alanya(Center),3500.0,2782.2580645161293,lux
135000.0,1+1,50.0,Oba,2000.0,2700.0,lux
209000.0,1+1,62.0,Kargıcak,30.0,3370.967741935484,lux
155000.0,1+1,53.0,Alanya(Center),600.0,2924.5283018867926,lux
175000.0,2+1,112.0,Oba,2500.0,1562.5,comfort
148000.0,1+1,50.0,Kestel,300.0,2960.0,lux
193500.0,1+1,63.0,Avsallar,800.0,3071.428571428572,lux
129000.0,2+1,110.0,Demirtaş,2000.0,1172.7272727272727,econom
242000.0,3+1,140.0,Kestel,200.0,1728.571428571429,comfort
73000.0,1+1,49.0,Mahmutlar,2500.0,1489.795918367347,comfort
330000.0,4+1,230.0,Alanya(Center),800.0,1434.7826086956522,comfort
170000.0,1+1,54.0,Kestel,2300.0,3148.1481481481483,lux
120000.0,1+1,50.0,Demirtaş,1300.0,2400.0,comfort
92000.0,1+1,55.0,Avsallar,1400.0,1672.7272727272727,comfort
374000.0,2+1,110.0,Kargıcak,30.0,3400.0,lux
143000.0,2+1,115.0,Konaklı,1200.0,1243.4782608695652,econom
260000.0,1+1,72.0,Türkler,300.0,3611.1111111111113,lux
95000.0,1+1,55.0,Avsallar,2000.0,1727.2727272727273,comfort
189000.0,2+1,90.0,Mahmutlar,650.0,2100.0,comfort
79000.0,1+1,46.0,Demirtaş,750.0,1717.391304347826,comfort
110000.0,1+1,112.0,Payallar,2000.0,982.1428571428572,econom
100000.0,1+1,50.0,Avsallar,600.0,2000.0,comfort
299000.0,2+1,110.0,Kargıcak,1750.0,2718.181818181818,lux
269500.0,1+1,63.0,Mahmutlar,50.0,4277.777777777777,lux
220000.0,2+1,100.0,Alanya(Center),100.0,2200.0,comfort
164500.0,2+1,126.0,Mahmutlar,1200.0,1305.5555555555557,comfort
495000.0,2+1,100.0,Oba,200.0,4950.0,lux
91000.0,1+1,45.0,Demirtaş,2000.0,2022.2222222222224,comfort
118000.0,2+1,94.0,Avsallar,1000.0,1255.3191489361702,econom
359000.0,1+1,70.0,Mahmutlar,50.0,5128.571428571428,lux
132000.0,1+1,60.0,Mahmutlar,400.0,2200.0,comfort
275000.0,4+1,220.0,Avsallar,400.0,1250.0,econom
115000.0,1+1,56.0,Mahmutlar,650.0,2053.5714285714284,comfort
198000.0,4+1,220.0,Mahmutlar,100.0,900.0,econom
440000.0,3+1,140.0,Alanya(Center),4500.0,3142.8571428571427,lux
130000.0,1+1,50.0,Mahmutlar,550.0,2600.0,lux
94500.0,1+1,46.0,Avsallar,1500.0,2054.3478260869565,comfort
268000.0,3+1,146.0,Oba,1000.0,1835.6164383561645,comfort
156500.0,2+1,73.0,Mahmutlar,450.0,2143.8356164383563,comfort
401500.0,3+1,175.0,Mahmutlar,400.0,2294.285714285714,comfort
140000.0,1+1,51.0,Mahmutlar,800.0,2745.098039215686,lux
1100000.0,5+1,260.0,Alanya(Center),3000.0,4230.769230769231,lux
119999.0,1+1,53.0,Oba,2700.0,2264.132075471698,comfort
220000.0,3+1,170.0,Kestel,500.0,1294.1176470588234,econom
155000.0,1+1,55.0,Mahmutlar,600.0,2818.181818181818,lux
135000.0,1+1,60.0,Mahmutlar,800.0,2250.0,comfort
160000.0,1+1,45.0,Kestel,700.0,3555.555555555556,lux
230000.0,2+1,68.0,Alanya(Center),500.0,3382.3529411764707,lux
194500.0,1+1,60.0,Alanya(Center),150.0,3241.6666666666665,lux
159000.0,1+1,44.0,Oba,450.0,3613.636363636364,lux
140000.0,1+1,61.0,Kargıcak,1700.0,2295.0819672131147,comfort
650000.0,4+1,200.0,Oba,4350.0,3250.0,lux
341000.0,5+1,240.0,Kestel,250.0,1420.8333333333333,comfort
302500.0,3+1,165.0,Gazipaşa,1000.0,1833.3333333333333,comfort
197000.0,1+1,55.0,Kestel,250.0,3581.818181818182,lux
158000.0,1+1,47.0,Avsallar,800.0,3361.7021276595747,lux
265000.0,3+1,129.0,Avsallar,550.0,2054.263565891473,comfort
340000.0,3+1,165.0,Alanya(Center),500.0,2060.6060606060605,comfort
187000.0,2+1,124.0,Cikcilli,1500.0,1508.0645161290322,comfort
89000.0,1+1,50.0,Avsallar,1500.0,1780.0,comfort
264000.0,3+1,270.0,Kargıcak,800.0,977.7777777777778,econom
105000.0,1+1,51.0,Mahmutlar,3200.0,2058.823529411765,comfort
240000.0,1+1,60.0,Kestel,700.0,4000.0,lux
175000.0,1+1,65.0,Kargıcak,200.0,2692.3076923076924,lux
1050000.0,4+1,290.0,Kargıcak,2000.0,3620.689655172414,lux
376000.0,2+1,95.0,Alanya(Center),1500.0,3957.8947368421054,lux
179000.0,1+1,50.0,Kargıcak,150.0,3580.0,lux
118000.0,1+1,48.0,Avsallar,1500.0,2458.333333333333,comfort
132000.0,3+1,130.0,Mahmutlar,1500.0,1015.3846153846154,econom
245000.0,2+1,80.0,Kestel,100.0,3062.5,lux
242000.0,5+1,180.0,Avsallar,500.0,1344.4444444444443,comfort
345000.0,3+1,174.0,Alanya(Center),3000.0,1982.7586206896551,comfort
110000.0,1+1,59.0,Avsallar,800.0,1864.406779661017,comfort
215000.0,3+1,120.0,Oba,3000.0,1791.6666666666667,comfort
170000.0,1+1,56.0,Oba,1300.0,3035.714285714286,lux
143000.0,1+1,58.0,Alanya(Center),1200.0,2465.5172413793102,comfort
99000.0,1+1,50.0,Avsallar,1000.0,1980.0,comfort
130000.0,1+1,42.0,Mahmutlar,1300.0,3095.2380952380954,lux
127500.0,1+1,50.0,Alanya(Center),1200.0,2550.0,lux
245000.0,1+1,54.0,Alanya(Center),20.0,4537.037037037037,lux
292000.0,1+1,50.0,Alanya(Center),1300.0,5840.0,lux
89200.0,1+1,70.0,Demirtaş,700.0,1274.2857142857142,econom
185000.0,1+1,70.0,Kargıcak,50.0,2642.8571428571427,lux
154000.0,2+1,110.0,Oba,1700.0,1400.0,comfort
70000.0,1+1,65.0,Demirtaş,700.0,1076.923076923077,econom
278000.0,1+1,64.0,Alanya(Center),850.0,4343.75,lux
134000.0,2+1,106.0,Alanya(Center),800.0,1264.1509433962265,econom
299000.0,2+1,145.0,Mahmutlar,120.0,2062.0689655172414,comfort
319000.0,2+1,135.0,Kargıcak,1300.0,2362.962962962963,comfort
275000.0,3+1,160.0,Tosmur,800.0,1718.75,comfort
129000.0,1+1,49.0,Mahmutlar,600.0,2632.6530612244896,lux
715000.0,3+1,296.0,Tosmur,100.0,2415.5405405405404,comfort
195000.0,2+1,98.0,Avsallar,800.0,1989.795918367347,comfort
342000.0,1+1,55.0,Alanya(Center),150.0,6218.181818181818,lux
130000.0,1+1,49.0,Avsallar,1400.0,2653.061224489796,lux
100000.0,1+1,55.0,Konaklı,280.0,1818.1818181818185,comfort
170000.0,1+1,57.0,Mahmutlar,50.0,2982.4561403508774,lux
198000.0,1+1,48.0,Alanya(Center),1000.0,4125.0,lux
286000.0,2+1,86.0,Mahmutlar,250.0,3325.5813953488373,lux
236000.0,2+1,103.0,Kargıcak,300.0,2291.26213592233,comfort
168000.0,2+1,90.0,Avsallar,1500.0,1866.6666666666667,comfort
245000.0,1+1,60.0,Kargıcak,1200.0,4083.3333333333335,lux
235000.0,1+1,55.0,Oba,2500.0,4272.727272727273,lux
340000.0,3+1,152.0,Oba,2400.0,2236.842105263158,comfort
130000.0,1+1,60.0,Demirtaş,200.0,2166.6666666666665,comfort
209000.0,3+1,204.0,Mahmutlar,450.0,1024.5098039215686,econom
241500.0,2+1,90.0,Oba,800.0,2683.333333333333,lux
150000.0,1+1,50.0,Oba,1500.0,3000.0,lux
255000.0,1+1,47.0,Oba,50.0,5425.531914893617,lux
239000.0,1+1,60.0,Kargıcak,550.0,3983.3333333333335,lux
198500.0,1+1,65.0,Kargıcak,50.0,3053.846153846154,lux
250000.0,2+1,131.0,Kargıcak,310.0,1908.3969465648852,comfort
231000.0,2+1,140.0,Mahmutlar,1500.0,1650.0,comfort
99000.0,1+1,55.0,Avsallar,700.0,1800.0,comfort
210500.0,4+1,200.0,Kestel,200.0,1052.5,econom
425000.0,3+1,209.0,Kargıcak,2000.0,2033.4928229665072,comfort
158000.0,2+1,108.0,Oba,1300.0,1462.962962962963,comfort
212000.0,1+1,58.0,Mahmutlar,100.0,3655.1724137931033,lux
165000.0,2+1,80.0,Mahmutlar,600.0,2062.5,comfort
132000.0,2+1,84.0,Mahmutlar,400.0,1571.428571428571,comfort
165000.0,1+1,68.0,Oba,2000.0,2426.470588235294,comfort
180000.0,1+1,52.0,Kestel,200.0,3461.538461538461,lux
460000.0,2+1,141.0,Kargıcak,200.0,3262.4113475177305,lux
